Time (s),,,,,,,,,,,,,,,,,,,,,,,,,,,,,,,,,
0,29.3,12.32,0,0.19,2.43,0.19,73.9,133.62,95.36,182.89,205.1,376.61,404.04,1.31,138.1,294.68,357.76,291.88,381.46,193.9,2.61,61.4,4.29,0.37,53.75,47.22,11.01,53.37,134.74,99.1,154.34,2.8,0
0.703,40.5,30.61,0,0.37,3.36,0.19,113.47,135.3,130.45,226.56,260.15,440.25,473.09,3.73,160.87,386.31,398.63,319.69,406.09,224.88,17.17,78.57,4.11,0.37,63.27,49.83,27.62,72.41,175.8,140.34,197.07,3.17,0
1.404,47.4,24.07,8.58,0.19,2.8,0.19,138.29,152.1,148.93,282.92,310.54,490.26,541.02,11.2,178.6,448.08,422.89,329.39,404.6,256.05,52.44,80.99,6.35,0.19,78.38,59.91,34.53,81.55,200.99,184.57,240.93,3.36,2.24
2.105,51.51,27.62,16.98,3.55,2.61,0.37,158.07,163.67,175.99,336.86,347.49,545.69,616.42,19.22,200.43,508.55,449.76,349.17,432.22,287.96,71.48,103.95,6.91,6.91,83.79,56.92,38.07,97.23,215.55,219.47,260.9,3.73,4.67
2.807,74.84,14.74,50.02,0.93,3.17,0.37,206.59,34.53,199.69,406.09,380.34,576.85,714.77,22.39,218.54,557.82,488.95,366.9,412.63,319.5,103.2,111.97,7.46,0.75,91.45,54.68,49.08,100.78,242.05,257.73,287.4,4.85,4.67
3.509,82.86,11.57,105.07,2.8,3.73,0.37,239.81,0.19,212.38,455.92,415.98,622.2,777.48,28.37,231.6,623.51,581.33,379.97,405.53,333.68,136.42,112.72,10.64,0.93,96.11,62.52,56.17,114.21,254.93,275.83,289.45,4.85,4.67
4.21,97.42,13.44,101.15,6.35,3.36,0.37,246.16,32.85,229.17,522.36,465.44,672.41,837.94,43.67,257.91,661.21,524.79,375.86,435.02,361.86,157.51,135.49,10.45,2.43,106,69.42,55.61,125.41,278.82,294.31,293,4.67,8.77
4.912,102.64,14.18,110.85,4.85,3.36,0.37,267.99,52.44,259.03,622.02,503.7,702.64,914.83,202.86,269.49,699.84,543.64,381.27,438.38,389.11,192.41,77.45,3.73,2.43,113.84,75.21,54.31,132.13,287.4,303.64,194.46,6.72,8.58
5.614,116.08,24.82,112.72,15.49,4.11,0.37,274.71,48.52,322.3,579.28,554.27,743.88,1024.75,111.6,264.82,749.67,570.14,575.36,442.3,413.56,215.18,91.26,,6.35,126.34,68.3,76.7,155.83,308.3,301.77,197.45,,3.73
6.315,140.9,12.32,73.16,8.77,2.99,0.37,292.63,29.3,342.83,631.91,613.99,775.61,1160.61,30.42,290.95,786.25,588.43,373.62,439.69,426.44,260.53,94.06,18.29,79.13,81.74,60.09,71.29,45.16,317.07,310.92,321.93,2.24,4.48
7.017,166.47,15.3,72.78,33.03,3.55,4.11,299.9,,354.03,698.72,649.64,959.99,1226.49,161.62,300.09,823.57,620.9,370.64,460.77,428.68,294.68,96.3,45.91,2.43,110.67,105.26,65.32,56.17,347.12,325.47,331.26,5.6,16.61
7.719,171.32,17.73,95.55,36.95,4.48,6.16,310.54,,373.81,752.09,699.84,998.81,1313.09,216.86,304.38,839.81,646.65,374.93,452.75,444.54,326.78,106,47.96,8.58,213.5,110.67,71.85,194.65,245.6,351.23,334.43,8.58,17.73
8.421,200.06,18.66,119.44,3.17,12.5,19.04,323.79,63.08,387.24,762.17,729.89,806.59,1394.08,134,324.17,865.75,674.27,389.11,457.98,526.47,361.3,67.37,44.23,1.12,223.02,122.24,89.21,170.95,241.68,363.73,354.77,4.11,30.42
9.123,233.09,82.3,117.57,0.75,14,24.63,333.5,56.73,398.82,870.97,750.6,834.96,1510.72,52.25,330.32,922.3,681.18,382.58,493.81,604.66,378.66,55.99,47.03,4.67,225.44,123.92,87.34,161.99,402.36,370.45,375.67,4.29,26.5
9.825,259.41,134.56,127.65,22.95,7.46,19.6,351.6,55.24,437.26,1019.53,796.88,869.29,1626.61,7.46,362.05,966.53,718.69,381.65,444.73,658.41,432.03,180.84,62.71,8.02,246.72,139.41,84.91,227.87,415.98,377.73,381.65,7.09,18.48
10.527,283.86,169.08,141.27,27.06,3.92,17.73,362.05,54.31,460.77,1124.04,820.96,922.48,1725.53,,339.84,1012.25,746.31,427,489.89,804.91,440.06,198.01,81.55,34.34,248.77,151.54,80.81,238.32,425.69,419.34,397.88,8.02,17.92
11.229,286.47,197.63,126.9,1.12,13.62,21.84,392.28,49.64,458.91,1012.62,846.34,972.5,1822.76,72.22,339.84,1045.47,758.81,369.89,486.72,652.44,487.84,178.04,92.75,59.72,266.13,163.48,103.58,236.64,466.75,418.04,423.26,8.02,5.04
11.931,314.09,232.35,148.55,4.85,12.13,19.22,417.29,56.55,466.19,1035.39,862.76,1051.63,1917.93,290.39,387.06,1106.12,796.7,366.72,510.98,632.66,489.33,221.71,113.65,79.88,272.1,154.9,93.5,248.77,506.12,410.39,320.25,12.13,7.46
12.634,339.84,260.71,162.55,18.66,15.86,18.85,462.45,40.5,463.57,1084.85,880.49,1091.38,1993.33,265.75,396.02,1110.41,804.35,376.42,506.68,644.6,519.37,245.41,128.77,90.51,283.3,34.15,98.72,259.97,547.74,402.55,336.67,9.52,35.27
13.337,362.24,282.74,168.71,3.17,19.6,24.82,458.54,42.92,465.44,1135.61,896.17,1147.55,2104.37,247.84,387.24,1135.05,835.52,369.89,515.64,681.74,552.41,265.94,140.71,98.54,284.97,34.34,106.56,277.88,527.77,421.58,347.12,13.06,49.83
14.041,441.55,295.05,163.3,12.13,16.8,20.72,435.39,45.35,483.54,1175.36,917.26,1230.79,2188.73,164.04,386.31,1153.9,855.3,366.9,548.49,704.88,580.4,294.68,160.12,108.99,298.04,24.82,102.64,271.91,540.28,422.52,377.91,17.54,51.88
14.743,519.19,304.57,207.15,11.76,15.68,24.07,451.82,44.23,522.55,1244.04,927.33,1317.01,2235.38,33.41,398.63,1146.24,887.4,370.64,531.51,724.66,618.1,334.99,164.04,111.04,312.04,12.13,103.58,280.31,538.04,401.99,402.55,20.34,55.24
15.445,522.55,319.13,266.13,29.49,18.66,25.38,472.91,53.75,577.04,1287.71,950.1,1380.83,2303.13,0.75,409.45,1078.13,918.75,374.18,574.24,732.69,621.08,330.51,171.13,103.39,310.92,7.46,109.73,266.87,553.15,415.05,427.56,22.39,50.39
16.148,539.53,341.71,247.84,20.16,24.63,24.07,490.45,36.58,527.21,1356.57,955.33,1480.49,2410.81,0.56,419.9,1025.5,964.85,370.64,573.68,750.42,643.48,151.91,179.53,118.69,324.91,7.84,108.06,271.16,558.75,425.32,456.86,35.09,60.65
16.85,560.99,352.91,258.47,14.56,43.86,23.14,489.51,35.83,476.45,1436.82,964.29,1558.68,2406.7,0.19,440.43,1046.96,1028.3,366.72,594.96,773,652.44,151.17,218.91,116.64,331.82,32.66,116.83,268.18,564.54,437.07,459.84,42.18,61.96
17.552,574.62,365.41,276.76,20.16,34.53,30.05,499.97,52.25,484.1,1538.71,975.48,1580.52,2493.3,,429.42,1099.03,1046.4,356.08,636.76,771.13,675.58,150.79,102.08,127.84,329.76,6.53,113.65,272.84,563.6,463.39,501.27,44.42,71.66
18.255,572.19,382.39,274.71,16.42,37.7,23.89,511.54,46.84,499.59,1597.5,983.32,1629.97,2478.37,0.93,421.77,1109.29,1113.21,350.48,657.1,814.43,699.84,125.22,104.14,148.18,347.87,7.28,129.52,274.52,576.85,481.86,528.71,47.4,74.09
18.957,591.22,400.31,288.15,20.34,35.46,28.55,517.88,60.47,499.03,1674.58,995.27,1653.12,2543.69,119.25,450.88,1148.3,1128.33,341.34,681.55,822.08,725.97,145.94,123.55,141.83,347.12,10.08,117.95,263.14,576.29,498.1,572.19,59.72,70.73
19.659,611.38,433.34,311.1,27.25,34.53,24.07,558.19,58.79,469.36,1753.33,1007.4,1647.14,2550.59,299.9,453.12,1176.66,1191.41,335.36,655.61,814.99,741.64,117.57,174.87,144.26,345.81,2.05,113.28,272.47,573.31,514.15,589.36,67.18,83.05
20.361,611.94,438.75,326.59,21.28,37.32,40.68,595.7,68.86,472.72,1788.6,1016.54,1637.07,2597.62,379.59,460.77,1192.34,1213.06,351.41,643.48,829.92,766.46,157.7,177.29,150.98,359.06,41.24,86.97,275.83,576.67,553.34,625.94,83.61,89.02
21.063,625,438.01,343.01,18.1,43.67,33.03,618.85,67,468.99,1846.83,1025.87,1628.11,2537.15,411.88,486.34,1242.36,1236.57,360.56,624.26,832.16,794.09,134.18,191.48,160.68,369.89,36.95,80.25,270.98,597.2,552.03,667.55,84.54,84.17
21.765,650.01,456.67,344.69,17.54,46.47,34.71,644.97,53.56,474.77,1867.55,1054.61,1615.42,2576.34,438.57,497.91,1272.22,1293.3,357.57,633.4,835.14,790.35,128.77,164.04,170.95,378.85,53.56,160.12,271.16,594.21,572.75,696.11,86.22,92.38
22.467,667.18,498.47,355.71,17.54,49.64,40.68,658.04,53.19,487.46,1911.4,1082.42,1613.92,2551.52,440.25,484.85,1273.52,1406.96,360.56,652.06,866.68,809.02,127.46,161.24,196.33,381.46,55.05,179.53,278.07,606.71,581.52,728.58,100.4,97.98
23.169,695.73,407.77,376.61,19.6,49.46,50.95,675.21,51.32,488.02,1971.68,1095.48,1611.87,2570.93,464.51,506.68,1299.65,1360.86,376.61,652.62,853.24,848.21,118.51,159.56,215.74,391.91,61.59,175.99,279.56,609.14,595.33,742.58,106.19,103.39
23.871,708.8,377.73,373.81,16.61,53.75,50.2,749.86,42.92,432.78,1984.75,1132.06,1601.23,2572.8,470.48,526.65,1314.21,1443.16,388.74,647.03,877.13,875.83,132.32,157.51,218.35,393.96,62.89,207.9,287.96,608.21,609.89,752.09,114.4,116.64
24.573,726.53,384.82,340.4,16.24,53.93,55.43,786.06,42.55,419.53,2015.73,1177.6,1598.43,2615.16,467.68,529.45,1345.37,1413.3,406.09,674.65,898.59,892.81,140.34,133.62,221.9,395.83,68.3,219.28,294.68,611.19,627.62,770.57,119.63,109.18
25.275,743.14,413.37,363.36,18.48,60.84,53,761.24,48.34,402.55,2016.85,1229.85,1593.58,2602.66,484.29,565.1,1364.03,1484.97,394.71,676.7,922.48,910.17,144.45,85.66,224.7,395.27,62.71,214.06,300.09,623.7,618.29,798.38,126.72,80.62
25.977,771.88,408.15,365.78,16.05,64.95,47.03,680.43,64.57,416.17,2021.51,1276.51,1613.74,2619.83,501.27,556.7,1386.24,1435.51,397.32,716.26,957.19,945.81,151.35,62.15,239.44,392.84,78.76,208.65,295.8,621.46,631.54,808.27,137.54,75.58
26.679,792.59,424.2,375.11,22.21,72.22,45.91,704.88,72.04,424.01,2044.09,1310.66,1593.4,2637.18,507.99,572.19,1399.49,1488.33,392.28,686.4,997.13,981.27,150.61,44.42,253.81,398.63,93.87,178.6,295.24,626.31,637.51,814.05,146.13,114.4
27.381,814.99,441.74,395.08,21.65,74.46,53.75,708.42,74.09,410.2,2039.24,1324.1,1591.16,2647.63,517.32,596.64,1440.92,1538.9,392.28,680.24,1047.33,925.28,141.27,35.83,250.26,416.54,95.55,210.14,298.04,651.69,656.73,839.06,155.08,127.09
28.084,839.99,422.89,409.64,23.33,81.18,51.51,722.05,80.43,419.9,2005.27,1338.65,1614.3,2641.85,526.84,590.85,1455.67,1634.64,411.51,647.96,1082.79,931.07,157.14,18.29,263.14,429.42,106.75,218.54,313.71,634.52,649.08,833.65,164.04,139.59
28.785,866.12,408.71,404.41,26.69,91.45,63.64,728.02,91.63,425.69,1985.68,1367.39,1611.68,2711.65,524.6,618.66,1507.92,1634.08,430.91,665.5,1120.49,920.99,137.92,51.13,285.72,425.5,108.99,231.6,317.45,641.61,661.21,847.09,178.79,152.1
29.488,894.3,415.61,447.15,26.13,98.54,47.4,747.8,96.67,442.3,1985.31,1398.19,1609.07,2770.25,531.69,665.69,1542.82,1651.06,442.67,656.17,1156.7,937.6,122.99,53,259.97,476.26,14.56,232.91,324.54,653.56,674.46,862.2,197.07,154.52
30.189,906.62,415.8,434.83,23.7,108.06,51.51,739.03,100.59,449.58,1965.34,1420.77,1635.2,2771.37,506.87,685.84,1564.28,1657.22,544.76,681.74,1164.91,942.64,84.54,54.12,264.26,495.67,19.78,266.31,315.95,676.7,693.12,888.33,230.29,174.68
30.89,949.54,423.08,441.74,25.19,104.7,49.83,712.34,105.07,438.94,1952.27,1467.05,1663.19,2822.69,514.9,694.05,1602.91,1701.26,489.7,686.78,1158.56,979.22,72.78,38.82,248.21,495.49,17.17,293.75,313.53,689.58,707.3,902.33,209.95,175.43
31.593,976.42,438.38,480,25.38,108.62,53.56,695.17,100.22,414.68,1968.7,1414.05,1655.17,2776.41,495.11,730.82,1619.71,1711.16,525.91,689.76,1190.47,1007.58,80.62,33.22,255.67,509.11,11.01,302.33,308.3,699.09,715.89,911.47,211.63,189.24
32.295,994.52,429.24,460.77,28.93,118.13,55.24,698.35,105.82,420.46,1981.57,1423.01,1673.27,2796.93,502.39,719.62,1655.91,1893.11,541.77,703.57,1211.56,1038.19,122.61,8.4,281.43,548.3,6.53,291.51,317.63,712.34,733.25,933.68,215.36,192.78
32.997,1046.4,436.14,479.25,23.7,117.01,71.85,700.77,99.1,424.01,1991.84,1405.65,1701.08,2821.94,476.45,726.9,1658.9,1907.67,568.83,714.21,1251.5,1060.77,127.28,6.16,297.29,558.38,12.32,307.93,310.17,747.99,778.04,980.71,226.37,181.96
33.699,1093.62,458.35,457.04,30.61,120.37,55.99,722.23,100.22,419.16,1991.65,1386.8,1726.83,2808.13,454.99,780.83,1680.36,1838.06,588.99,756.76,1294.8,1091.19,132.69,21.46,280.68,554.83,11.57,316.33,330.51,753.4,803.42,998.81,239.81,200.99
34.402,1142.51,442.3,469.36,30.61,127.84,62.33,666.06,104.14,424.2,1993.14,1401.55,1757.25,2783.5,459.28,769.26,1715.45,1822.57,599.06,746.12,1308.79,1096.23,154.15,49.27,321.55,560.43,3.36,319.87,348.24,759.75,793.71,1032.59,261.83,207.34
35.106,1189.54,449.95,493.99,31.17,130.26,61.03,654.49,100.4,431.29,1990.35,1411.06,1820.14,2782.56,458.91,786.62,1725.53,1846.46,622.2,781.21,1351.16,1133.93,165.72,70.92,356.83,594.77,2.61,297.11,351.23,772.81,848.58,1054.61,261.83,216.3
35.808,1327.83,479.25,483.36,25.94,140.34,78.94,644.41,103.39,411.69,1940.7,1447.27,1838.06,2806.83,453.31,791.47,1762.85,1877.25,640.31,764.79,1353.02,1136.17,168.15,73.53,353.28,640.49,2.61,326.03,349.55,776.92,878.81,1066,269.3,234.77
36.51,1351.53,500.34,507.06,31.73,135.12,68.49,649.64,102.08,411.13,1994.82,1447.46,1855.04,2846.39,445.1,795.95,1803.53,1931.19,630.42,764.41,1356.57,1105.75,173.37,82.49,349.17,649.26,2.05,361.86,349.73,780.65,856.98,1101.83,276.58,236.08
37.212,1352.28,469.17,511.72,18.48,151.91,62.15,639.56,106.38,422.7,2039.05,1428.79,1855.23,2927.2,447.52,767.02,1795.7,1954.7,629.67,777.1,1333.24,1106.49,181.4,79.5,363.17,665.69,,354.21,346.19,790.35,877.32,1114.71,280.12,248.4
37.914,1419.46,433.71,545.5,9.33,152.47,59.53,649.64,99.66,416.36,1949.66,1387.55,1858.22,2944.93,449.02,803.23,1847.02,1991.46,644.97,767.21,1344.25,1064.5,198.75,75.77,387.8,690.14,3.73,361.12,331.07,790.35,930.13,1138.03,305.5,256.05
38.616,1456.6,444.73,537.48,8.02,158.82,85.29,665.5,100.78,439.31,1943.69,1380.46,1900.95,2963.59,450.14,829.92,1865.49,2029.91,636.39,770.01,1252.06,1079.99,213.68,75.21,364.66,700.03,0.37,371.2,305.69,803.98,746.12,1139.9,313.53,246.16
39.318,1470.04,451.26,554.46,34.71,167.03,61.03,672.59,101.71,450.51,1946.3,1367.58,1842.35,2962.84,436.7,821.52,1904.87,2052.12,650.94,795.39,1226.12,1044.35,225.07,75.02,383.7,720.56,2.61,351.79,302.33,812,728.95,1176.48,334.62,249.52
40.019,1565.03,461.33,609.89,37.32,168.89,59.16,678.38,106.38,465.44,1922.23,1367.95,1834.14,3412.98,427.18,839.81,1934.54,2033.83,667.37,829.17,1230.97,1060.58,234.21,81.74,377.54,742.02,5.79,364.85,354.4,823.01,743.51,1191.41,341.34,264.82
40.722,1502.7,474.21,621.83,45.72,181.03,61.21,674.65,113.65,485.41,1940.14,1359.56,1888.45,3005.39,428.68,828.24,1952.83,2118.93,686.96,806.96,1183.01,1063.2,267.43,96.3,382.21,772.06,9.89,363.73,366.9,831.04,723.91,1230.97,348.43,272.84
41.423,1512.4,475.52,597.2,36.21,179.53,60.47,662.52,137.36,491.19,1916.63,1346.49,1909.35,3015.1,418.78,871.72,2004.53,2108.48,708.05,792.22,1281.17,1064.32,299.34,81.93,386.31,791.66,10.45,365.22,374.37,845.41,736.6,1222.76,374.18,285.35
42.125,1496.16,491.94,606.9,36.02,192.41,61.03,657.1,148.55,482.61,1927.83,1330.63,1939.4,3014.91,427.37,854.92,1996.5,2098.4,719.25,810.69,1060.58,1062.08,341.52,91.07,381.46,794.27,8.58,316.7,374.74,845.22,787.18,1259.71,363.92,312.78
42.827,1486.46,504.44,617.35,58.41,189.98,60.28,669.42,150.23,492.87,1893.86,1348.73,1983.25,2956.12,431.47,847.09,2052.3,2179.02,733.43,808.46,1060.96,1014.49,367.09,98.16,377.35,823.76,,352.35,386.31,859.22,803.04,1298.16,372.31,335.55
43.529,1513.52,500.34,613.62,44.98,191.66,69.61,669.79,150.98,496.79,1909.16,1367.21,2039.61,2930.37,449.2,863.88,2072.65,2218.96,759.37,807.52,1066.37,1022.33,380.9,122.05,410.2,833.28,0.93,362.42,379.41,879.75,837.57,1305.62,379.59,340.03
44.231,1550.29,513.22,625.75,54.87,200.25,72.78,666.62,145.38,488.77,1909.16,1362.17,2120.98,2896.03,452.56,866.5,2074.33,2245.83,774.12,809.57,1071.41,926.03,397.51,139.97,399,845.03,7.46,353.28,373.99,899.34,842.42,1328.2,389.67,343.95
44.933,1614.48,521.61,629.11,46.84,205.66,72.97,652.06,150.61,493.25,1914.39,1360.12,2199.36,2887.63,436.51,889.26,2067.79,2295.29,696.11,823.57,1083.91,949.73,408.33,154.34,398.82,870.04,9.33,376.98,387.43,920.62,882.73,1351.53,394.15,348.61
45.635,1633.71,542.33,659.72,44.98,194.28,84.91,638.44,152.47,501.27,1912.71,1347.99,2239.67,2786.3,396.39,885.34,2082.16,2308.35,689.76,839.25,983.51,897.47,448.46,186.44,392.1,862.39,5.97,375.86,387.43,930.69,903.82,1361.05,405.35,360.56
46.337,1638.37,572.75,672.03,51.69,197.45,73.72,616.61,160.87,506.31,1889.75,1356.2,2305.18,2818.21,363.17,904.19,2106.43,2365.27,701.33,802.48,1013.93,907.74,478.32,193.9,407.96,879.19,12.13,397.32,404.79,951.6,872.65,1382.14,410.01,364.48
47.039,1663.38,573.5,679.5,38.82,207.53,73.34,606.34,151.54,510.23,1889.94,1349.66,2355.2,2778.27,397.51,897.1,2139.64,2397.75,702.27,821.71,1023.63,906.62,496.98,222.08,433.53,877.51,0.75,382.95,416.54,958.87,870.41,1478.81,419.9,360.18
47.741,1663.57,588.24,683.42,51.51,203.98,58.41,585.44,156.58,523.29,1910.47,1349.85,2416.22,2757,430.91,919.5,2171.74,2450.75,712.16,776.92,1048.83,936.85,511.16,241.3,450.7,904.94,0.56,424.94,426.25,982.58,880.31,1455.29,433.15,361.12
48.444,1670.1,577.97,704.69,37.88,196.14,77.26,566.4,145.75,527.77,1901.14,1315.14,2460.64,2689.25,432.22,931.25,2190.78,2529.69,726.15,764.23,1090.07,952.16,520.87,277.32,452.19,931.63,4.67,430.17,434.46,994.52,894.68,1241.05,428.3,368.4
49.146,1697.35,583.76,702.45,57.11,197.45,72.6,563.98,142.58,517.14,1901.33,1310.29,2496.66,2686.08,415.8,942.64,2220.27,2595.94,709.54,745.94,1103.13,968.58,533.93,298.6,470.85,953.09,3.55,444.91,448.27,1025.31,908.3,1261.39,440.25,377.54
49.848,1696.97,601.86,732.87,46.28,194.46,69.05,570.14,146.13,517.51,1894.05,1296.1,2522.22,2629.72,403.85,943.76,2256.47,2663.87,724.29,772.25,1139.53,984.63,568.08,304.76,445.84,959.99,2.99,421.58,457.42,1048.08,900.65,1257.66,448.83,381.46
50.55,1718.81,617.17,755.83,41.24,196.14,59.53,571.26,142.58,520.49,1909.91,1270.35,2558.62,2599.49,403.85,965.22,2237.62,2713.14,729.33,775.8,1186.18,968.58,598.13,334.62,443.61,964.85,2.43,409.27,455.36,1049.76,922.86,1261.39,461.89,384.26
51.252,1759.68,630.98,808.46,35.27,187,60.09,571.82,144.82,541.21,1886.02,1231.53,2602.29,2553.2,400.12,960.74,2156.44,2763.16,726.34,806.59,1212.12,954.21,612.5,329.39,454.06,976.04,3.73,415.8,461.33,1088.58,938.91,1293.12,448.46,384.82
51.953,1761.54,663.26,724.1,34.15,178.6,70.17,546.44,145.01,533.74,1873.33,1204.66,2639.42,2538.65,403.48,987.61,2149.16,2784.62,738.28,900.65,1246.46,940.21,618.47,349.92,472.35,981.08,5.97,410.95,475.7,1071.6,935.55,1313.09,451.63,398.82
52.655,1780.21,670.91,731.38,48.52,205.1,75.58,541.96,147.06,575.74,1899.46,1170.88,2685.15,2525.77,403.29,1010.76,2339.71,2796.93,720.18,892.06,1252.81,893,638.25,363.92,474.4,1007.77,5.6,416.36,476.26,1088.2,939.47,1342.76,461.71,401.61
53.358,1765.28,683.98,750.6,64.57,205.1,79.69,530.01,149.49,558.38,1902.26,1124.78,2740.57,2501.32,400.31,985.19,2466.61,2828.66,732.31,845.41,1270.54,882.73,602.05,381.65,510.98,1021.39,5.6,432.03,480.56,1091.38,938.35,1399.12,473.65,414.49
54.06,1742.88,713.46,747.24,67.18,199.13,80.06,544.2,159.75,459.47,1893.49,1091.75,2670.03,2469.04,399,986.49,2527.08,2854.41,732.5,803.79,1289.95,867.62,615.86,393.22,503.7,1025.5,4.67,445.47,472.53,1116.76,967.65,1194.95,488.58,376.79
54.762,1732.24,713.65,716.82,48.15,177.85,65.51,530.39,155.64,406.84,1902.07,1076.63,2669.47,2458.02,369.52,1016.35,2514.39,2854.23,705.07,780.65,1265.31,881.8,603.36,389.67,533.18,1037.07,3.55,437.07,482.42,1102.57,984.44,1208.2,485.22,377.73
55.464,1753.71,721.49,680.06,65.32,173.19,79.88,532.25,149.67,409.27,1888.82,1048.83,2681.6,2440.86,346.37,1023.82,2505.43,3155.63,808.27,808.64,1259.34,871.35,637.13,431.1,528.89,1047.52,,461.71,482.8,1148.11,986.31,1245.9,493.81,393.96
56.166,1762.85,726.71,655.42,67.37,158.07,87.9,536.36,155.46,435.77,1901.51,1044.91,2673.76,2430.96,340.4,1007.58,2577.09,2925.33,720.18,799.31,1254.3,905.31,642.36,490.26,552.03,1066.18,4.85,437.82,497.91,1185.62,1009.82,1258.59,494.18,410.95
56.866,1749.41,733.25,650.94,81.55,157.32,77.08,540.09,167.03,453.87,1890.69,1027.37,2542.75,2420.7,344.88,1004.6,2538.83,2899.58,728.02,804.35,1272.22,880.68,647.77,560.25,596.64,1082.98,22.21,468.8,495.67,1221.08,1025.87,1276.88,502.58,435.21
57.568,1766.58,740.9,671.29,90.51,172.07,75.4,535.05,181.59,464.51,1909.91,1024.94,2574.1,2399.05,383.14,1026.62,2615.91,2916.37,730.07,815.55,1288.45,882.54,643.67,637.13,596.45,1091.38,15.86,434.46,502.77,1261.21,1070.29,1320.18,510.23,441.74
58.27,1691.37,749.11,693.68,89.95,151.91,60.84,529.08,194.28,483.92,1882.48,1026.81,2634.01,2382.26,402.17,1038,2510.65,2916.75,712.9,838.13,1365.71,890.94,667.37,682.48,627.99,1103.32,17.92,453.12,487.65,1277.44,1108.36,1354.14,513.03,444.54
58.972,1684.47,766.09,675.77,93.13,153.59,70.54,515.83,202.86,497.73,1903.01,1014.49,2730.87,2401.48,408.52,1049.95,2492.74,2920.48,715.52,848.21,1207.46,891.13,717.01,736.79,632.84,1142.14,19.41,434.27,465.44,1320.18,1113.77,1366.09,513.4,449.02
59.674,1720.67,786.62,694.24,99.84,159.38,67.56,513.22,205.66,516.76,1912.34,1010.76,2771.18,2381.14,404.6,1071.41,2535.66,2944.93,723.35,857.35,1205.4,816.11,782.14,754.89,513.96,1170.32,22.39,437.45,466.93,1359.93,1132.25,1368.51,526.47,460.21
60.376,1646.77,818.35,697.97,92.19,161.99,65.88,531.88,212.56,537.48,1902.26,995.08,2674.51,2349.22,415.8,1058.34,2524.84,2978.89,750.6,876.95,1223.69,822.83,803.98,788.11,489.89,1153.9,19.6,459.47,460.4,1375.61,1144.57,1378.78,576.29,462.64
61.078,1643.22,860.34,712.16,85.1,169.45,78.94,533.74,217.04,546.81,1899.27,976.42,2638.86,2368.63,416.92,1058.72,2525.4,2976.47,756.57,923.98,1248.7,849.7,861.83,845.03,508.92,1179.09,12.69,457.42,461.89,1415.54,1169.2,1334.18,628.92,457.6
61.781,1643.97,900.83,736.05,86.03,169.64,71.29,534.86,231.79,565.84,1910.66,970.07,2667.04,2323.28,417.66,1067.86,2507.67,2958.18,773,906.43,1262.14,842.42,855.67,874.15,512.66,1184.88,10.08,474.96,459.1,1447.27,1175.73,1363.48,612.13,481.3
62.482,1648.26,975.11,727.65,94.06,168.15,73.16,527.96,228.05,558.57,1898.34,939.09,2658.27,2293.05,421.96,1055.55,2561.6,3083.59,771.13,927.89,1231.16,867.8,860.34,909.42,613.06,1010.38,41.62,480.93,435.21,1485.34,1199.99,1378.59,623.51,471.04
63.185,1524.53,951.97,726.9,92.75,166.66,78.57,533.93,235.52,536.17,1907.67,926.21,2623.19,2301.26,424.57,1049.2,2571.68,2975.35,737.35,928.08,1227.05,915.76,879.37,954.77,611.57,1031.1,30.05,479.62,455.18,1537.97,1178.72,1389.6,640.68,497.35
63.887,1519.68,982.58,738.66,88.65,138.1,63.45,552.97,230.11,539.53,1928.95,907.55,2591.46,2269.91,423.26,1071.22,2599.67,3010.81,741.08,961.3,1155.39,968.02,927.71,1000.12,611.38,1050.88,34.53,478.32,459.47,1511.84,1161.36,1402.48,657.48,489.33
64.589,1522.48,941.89,763.85,93.87,130.82,66.62,540.84,229.73,550.35,1959.18,902.7,2597.62,2243.41,423.82,1088.02,2680.85,3014.35,757.51,949.36,1118.81,1016.73,947.49,1034.08,616.05,1074.95,30.61,494.93,456.67,1558.68,1173.68,1437,669.42,510.79
65.291,1507.92,895.42,777.29,86.41,181.77,64.01,546.44,233.09,549.79,1965.9,880.31,2583.44,2245.46,451.44,1104.63,2296.04,3346.73,759.56,949.73,1136.91,1021.58,961.3,1085.03,619.41,1099.96,27.43,490.07,469.92,1520.8,1138.41,1448.02,683.79,507.24
65.993,1500.27,905.87,677.63,86.97,176.55,63.83,532.25,229.73,564.35,1989.23,867.62,2577.84,2240.79,465.44,1113.59,2349.04,3013.79,760.68,968.02,1095.11,1039.87,985,1105,617.54,1121.42,27.25,461.52,483.92,1541.89,1146.06,1501.2,694.61,510.42
66.695,1493.18,974.55,669.98,89.02,176.17,58.41,533.56,233.65,568.83,2019.83,870.04,2584.93,2227.73,465.44,1165.28,2338.59,3516.37,692.19,916.88,1096.23,1089.7,964.85,1134.3,621.08,1147.55,34.53,488.02,490.07,1578.84,1210.44,1463.69,705.07,519.56
67.397,1465,864.26,700.21,77.45,174.87,62.33,527.59,227.49,588.05,2035.88,856.98,2582.5,2198.24,460.59,1151.66,2323.66,3016.03,701.33,921.55,1113.96,1103.69,974.55,1121.61,623.7,1222.95,35.83,478.88,484.29,1582.2,1194.21,1492.62,703.2,535.42
68.1,1452.31,798.75,683.42,83.98,171.69,56.92,529.83,220.78,591.6,2026.92,860.34,2573.92,2176.22,452.19,1160.61,2382.82,3147.79,726.71,932.93,1130.38,1074.95,987.8,1119.74,624.07,1057.23,37.32,480.56,490.26,1598.06,1196.26,1505.12,714.77,542.14
68.802,1443.35,803.42,701.15,77.26,176.55,58.79,524.97,194.84,590.66,2045.21,871.91,2578.96,2187.42,470.48,1186.74,2440.3,3013.98,743.88,976.6,1109.48,1085.78,985.37,1149.79,636.76,1075.14,37.51,471.6,497.73,1590.04,1276.88,1537.04,729.89,567.34
69.504,1396.32,799.31,707.86,87.15,170.39,69.42,526.84,208.46,604.66,2069.1,852.5,2552.08,2213.36,473.47,1133.74,2277.75,3036.37,766.46,935.55,1104.44,1045.09,1023.45,1155.2,660.09,1072.9,35.46,466.37,510.79,1585.74,1088.02,1557.38,737.91,564.72
70.206,1373.37,804.35,716.08,103.76,166.66,65.32,539.72,193.34,624.07,2127.51,832.72,2528.94,2231.09,477.2,1101.08,2313.58,3050.56,729.33,948.42,1006.65,1029.98,1048.45,1152.78,656.92,1084.85,35.46,465.63,523.67,1566.71,1075.33,1566.52,739.03,562.48
70.908,1386.06,800.62,722.61,112.53,165.16,63.27,523.85,192.78,630.42,2085.9,828.61,2424.62,2303.69,488.77,1099.78,2326.83,3030.21,743.88,894.68,947.3,1036.32,1052.75,1128.52,640.12,1089.14,39.38,473.84,528.33,1596.01,1095.11,1584.62,757.51,582.45
71.609,1361.8,813.68,727.09,110.85,168.71,62.33,524.41,218.72,631.91,2087.76,824.69,2332.8,2318.8,502.77,1107.8,2351.65,3007.07,750.79,845.97,969.88,1021.39,1008.14,1076.07,647.77,1096.42,35.83,455.74,533.74,1604.97,1101.64,1597.13,776.36,588.05
72.311,1333.8,813.87,724.47,104.88,174.68,59.91,522.55,195.21,638.63,2108.1,828.24,2288.01,2075.45,539.53,1082.42,2361.35,3612.11,755.08,869.48,874.89,1018.41,1008.52,1067.49,686.22,1110.23,41.99,470.11,541.4,1676.26,1079.25,1595.64,789.42,593.65
73.014,1345.93,817.79,744.44,105.26,170.95,61.77,525.16,198.01,637.51,2180.89,821.71,2119.49,2041.85,566.22,1027.37,2414.91,2978.89,745.75,872.28,898.41,947.49,1019.15,1067.12,678.56,1128.52,46.66,445.28,554.27,1613.18,1068.98,1679.99,800.99,599.44
73.716,1331.38,833.28,736.6,113.47,187.93,67.74,524.04,201.37,622.39,2343.25,832.34,2135.73,2014.23,591.04,1011.88,2442.54,2961.16,909.23,834.02,806.78,901.02,1017.85,1058.72,670.35,1120.86,66.62,421.77,558.01,1613.55,1078.5,1794.95,809.95,605.41
74.418,1331.19,801.74,743.88,118.32,164.79,75.58,510.04,203.42,614.55,2466.98,809.02,2073.77,1981.01,602.24,1003.29,2434.88,2945.67,707.86,836.26,791.29,893.37,958.5,1007.58,699.09,1112.28,68.12,432.78,564.35,1597.87,1085.41,1347.24,829.73,628.36
75.12,1342.76,798.94,774.49,115.15,159.75,64.95,517.32,205.66,629.67,2570.93,812.19,2018.71,1970.75,628.74,1023.07,2388.23,2920.48,719.81,813.68,779.72,871.72,924.54,981.27,703.95,1127.77,65.88,467.12,556.51,1620.27,1024.01,1341.45,830.48,630.42
75.822,1332.87,812,789.98,104.51,162.55,59.91,521.99,180.28,580.96,2539.58,807.34,2006.95,1939.58,629.11,1002.54,2409.88,2913.01,714.77,800.8,786.81,835.33,888.14,909.98,704.32,1140.27,66.44,465.81,554.09,1611.5,1032.59,1365.71,858.28,640.49
76.524,1313.46,830.29,803.79,107.12,170.39,58.23,519.93,190.54,574.8,2265.06,786.62,1902.63,1938.65,634.34,976.04,2433.02,2888.38,643.11,800.99,769.45,828.8,891.13,880.12,699.84,1109.48,69.98,461.15,552.59,1602.91,1044.16,1368.33,881.43,664.94
77.225,1317.75,823.95,823.39,107.68,165.54,83.61,509.67,204.73,559.69,2202.16,786.06,1858.22,1939.4,647.4,921.74,2453.92,2868.6,576.11,784.94,775.05,829.92,907.93,859.4,684.91,1120.86,64.01,456.86,540.28,1398.19,1066,1367.39,818.72,656.92
77.928,1316.07,856.23,858.28,115.33,156.39,59.35,500.53,215.92,528.52,2157.37,783.45,1857.66,1927.45,647.59,897.47,2474.07,2859.08,564.35,833.65,774.86,806.59,920.43,844.66,688.64,1101.45,60.65,481.86,509.3,1354.89,1085.41,1396.69,814.05,680.99
78.63,1306.93,883.66,856.42,110.11,146.13,71.66,500.9,217.23,533.56,2181.26,781.95,1808.76,1917.75,651.69,886.09,2439.18,2842.1,573.31,795.2,785.87,793.53,891.69,812,679.68,1099.22,63.64,480.74,489.89,1354.7,1092.5,1406.59,818.16,678.38
79.332,1297.41,683.23,831.6,116.08,154.9,70.54,496.61,220.96,510.42,2158.68,773,1808.57,1919.43,632.1,876.57,2461.01,2852.17,571.82,791.29,762.92,790.73,910.91,813.49,686.03,1088.58,70.36,498.29,503.7,1382.7,1118.06,1389.04,838.13,695.36
80.034,1303.94,687.15,843.54,63.64,142.95,62.52,502.58,223.95,510.6,2183.69,767.21,1802.04,1902.45,653.56,865.56,2468.48,2692.05,608.77,800.06,750.98,766.09,922.48,807.9,682.67,1079.99,67,510.23,513.03,1408.64,1138.97,1358.44,839.81,690.32
80.736,1291.62,687.52,844.47,45.91,154.52,67.74,508.74,228.8,522.55,2193.21,754.52,1856.35,1895.73,633.96,848.58,2499.83,2584.18,542.52,745.75,748.18,782.51,921.36,821.15,684.72,1067.49,80.99,540.65,507.62,1420.58,1152.78,1342.2,859.96,702.45
81.438,1283.97,700.59,842.61,110.67,141.83,85.1,511.91,214.06,532.44,2191.71,743.51,1875.2,1889.57,631.72,863.14,2502.81,2488.26,529.45,778.41,772.44,783.07,913.34,835.33,697.97,1083.17,81.55,506.5,498.1,1421.89,1168.27,1296.48,880.68,695.17
82.14,1284.72,678.75,855.11,114.03,141.09,63.08,504.82,234.21,524.79,2241.73,751.72,1925.21,1876.5,604.66,864.63,2528.94,2458.02,462.64,775.42,740.9,773.37,918,833.46,702.27,1082.61,83.61,504.44,493.99,1453.05,1181.14,1333.06,905.5,720.37
82.843,1275.2,700.96,859.59,109.36,153.03,64.2,509.48,225.63,515.64,2242.66,734.18,1980.64,1858.96,603.54,877.88,2568.51,2496.47,495.86,891.69,743.14,777.48,917.26,858.28,706.75,1089.88,74.84,480.93,485.97,1484.03,1179.09,1261.95,924.35,717.94
83.545,1280.43,704.51,705.81,108.06,151.73,72.97,519,218.35,537.48,2201.42,735.11,2030.1,1868.29,605.41,851.57,2552.46,2585.86,495.11,817.04,740.71,786.62,907.93,845.41,695.17,1095.11,73.9,485.97,489.89,1522.29,1187.68,1272.03,948.24,737.35
84.247,1278,740.52,705.44,111.79,154.34,57.85,501.27,230.11,542.7,2184.99,729.51,2076.38,1869.6,614.93,872.84,2540.89,3117.74,465.25,748.92,751.72,805.28,948.61,843.91,730.45,1090.82,75.77,523.48,488.95,1528.08,1189.73,1291.62,849.33,736.6
84.949,1269.23,752.65,683.42,89.77,151.54,66.81,506.12,224.51,481.86,2154.39,745.19,2122.29,1842.17,616.23,854.92,2566.45,3391.14,399.19,708.8,740.71,819.28,914.83,858.1,717.94,1154.83,70.92,535.05,481.86,1525.28,1207.46,1298.9,875.45,748.92
85.651,1272.22,739.03,673.9,92.57,157.14,69.24,488.95,216.3,495.67,2191.15,738.66,2146.74,1818.09,627.43,851.19,2584.18,2748.97,387.8,698.53,751.53,820.03,912.4,901.21,724.47,1080.55,75.77,497.54,479.25,1572.12,1251.5,1282.48,874.71,761.8
86.353,1243.1,752.84,670.35,80.81,158.26,54.87,504.63,215.36,507.24,2174.73,743.88,2182.01,1810.25,639.37,828.05,2613.86,4128.87,398.63,716.26,761.43,837.76,908.49,922.67,712.34,1080.18,66.81,511.91,480.56,1587.05,1220.89,1272.96,874.15,775.42
87.055,1224.81,746.68,670.73,94.8,148.74,69.24,492.31,218.72,510.42,2204.78,730.45,2227.92,1811.75,643.48,843.73,2638.86,2824.18,366.72,640.49,739.96,858.84,914.27,894.86,725.03,1104.44,60.84,533.56,479.62,1626.61,1177.41,1266.43,791.85,778.97
87.757,1227.43,791.47,665.87,95.18,160.68,60.84,496.98,225.26,494.18,2207.58,721.12,2257.22,1805.4,643.67,844.85,2695.97,2854.41,322.3,639,733.25,882.36,915.76,925.1,733.06,1025.31,63.45,527.4,494.55,1651.25,1196.82,1270.72,796.14,796.7
88.459,1237.32,787.18,687.34,102.27,150.05,64.76,491.38,229.36,494.18,2191.15,726.53,2268.23,1792.15,635.08,876.57,2697.28,2946.61,335.36,603.54,724.47,926.96,917.63,960.55,739.03,1036.7,58.79,514.52,508.74,1619.52,1208.39,1234.7,797.44,799.5
89.162,1236.57,785.69,686.4,86.59,141.27,55.8,497.91,235.71,510.6,2203.66,727.65,2286.33,1769.01,648.52,864.07,2726.39,2814.29,454.24,615.86,722.23,925.84,928.27,977.91,751.53,1027.37,47.96,521.05,519,1645.28,1242.92,1230.04,806.4,822.64
89.864,1235.82,745.94,698.53,90.33,155.27,56.36,491.57,241.3,465.63,2207.2,721.12,2322.91,1773.86,631.35,876.2,2757.74,2786.3,485.41,603.36,727.65,969.88,921.36,1001.61,762.17,1041.36,60.28,545.13,525.16,1667.49,1280.24,1215.86,823.57,826.37
90.566,1237.32,719.81,714.77,94.8,144.45,66.25,498.47,231.79,427.56,2214.67,721.3,2312.83,1779.83,628.92,880.49,2652.49,2798.24,506.31,594.02,730.26,996.01,910.17,1050.88,759.56,1033.34,67.93,525.35,534.12,1688.57,1325.22,1232.28,834.21,839.06
91.268,1243.1,719.06,694.61,90.33,137.92,58.04,494.74,245.6,484.48,2179.77,715.14,2311.9,1761.92,619.78,891.88,2510.28,2795.07,497.17,591.22,729.89,1023.63,919.87,1073.09,787.93,1069.36,67.74,530.2,529.08,1719.93,1352.28,1226.12,854.55,839.06
91.969,1240.68,672.59,718.88,100.59,147.99,58.41,490.07,231.97,492.87,2189.1,711.78,2345.12,1752.4,625.94,872.28,2470.16,2809.44,478.32,601.68,750.79,1036.7,931.25,1101.27,778.97,1067.49,60.65,524.41,539.72,1715.63,1376.91,1186.74,896.73,840.74
92.671,1219.21,743.14,725.41,88.09,138.1,62.89,492.87,201.74,503.14,2228.66,713.65,2345.12,1740.64,632.66,855.48,2399.61,2853.48,498.85,577.41,737.54,1049.57,955.33,1117.32,753.21,1062.64,33.41,511.16,538.6,1759.12,1408.82,1187.49,976.6,862.58
93.373,1229.67,644.04,728.58,84.73,144.63,73.53,488.77,212.38,453.68,2224.93,721.68,2362.66,1749.23,648.89,865.56,2397.93,2611.62,497.54,599.81,731.75,1037.63,835.89,1114.71,734.93,1047.71,38.44,553.34,553.34,1772.55,1437.94,1197.19,506.5,864.63
94.074,1234.89,509.11,766.09,111.04,141.83,62.71,486.9,174.12,459.28,2218.77,706.93,2386.17,1740.08,654.12,866.5,2433.95,2637.37,473.84,603.54,728.77,1042.3,833.65,1128.33,744.82,1044.72,40.31,545.69,556.33,1779.83,1457.35,1187.86,494.55,867.24
94.776,1234.14,460.4,720.93,92.38,147.06,62.89,481.12,173.75,461.52,2146.74,703.95,2380.02,1745.31,652.06,902.7,2399.8,2594.26,461.33,624.07,737.91,1038.56,866.87,1124.97,719.06,1047.33,32.29,533.37,569.2,1754.45,1493.55,1233.21,500.34,885.34
95.478,1227.05,435.77,727.65,90.51,142.39,72.22,484.29,184.38,442.49,2158.68,655.24,2423.87,1740.46,648.52,871.72,2246.39,2640.73,477.94,594.02,742.39,1000.68,846.71,1079.99,706.37,1038.19,40.68,509.86,544.57,1761.54,1523.23,1247.02,512.84,896.17
96.179,1237.88,471.6,753.96,101.34,150.05,59.35,486.9,183.45,444.54,2147.86,636.2,2437.68,1723.47,665.13,892.06,2154.01,2673.2,459.28,579.28,735.86,998.07,838.13,1094.55,727.83,1007.4,36.58,528.89,543.26,1754.83,1547.49,1287.52,517.32,911.66
96.881,1231.35,454.99,747.8,107.68,137.73,53.75,478.5,217.04,434.27,2162.41,604.1,2437.68,1722.73,666.62,891.69,2120.05,2692.42,458.72,570.7,712.16,1022.51,784.01,1125.9,736.79,1005.34,40.5,535.24,543.64,1705.93,1591.53,1332.12,527.03,926.4
97.583,1227.43,452.56,744.44,119.81,146.5,53.19,482.24,234.77,433.34,2132.18,617.17,2436.19,1727.39,680.99,873.77,2116.32,2673.95,425.13,577.23,744.82,989.11,807.71,1141.95,746.68,985.37,34.71,510.42,542.7,1724.78,1605.71,1330.63,520.49,923.98
98.284,1236.2,454.24,757.88,112.16,141.46,57.85,485.41,234.59,431.47,2137.22,676.14,2465.3,1706.86,671.47,885.53,2078.8,2685.15,416.36,589.55,721.68,977.72,826,1124.04,763.48,980.52,28.37,518.63,539.53,1730.75,1625.87,1333.99,500.34,935.73
98.987,1243.29,382.21,772.44,119.07,148.74,68.68,495.49,233.47,420.84,2087.02,663.45,2407.64,1697.91,635.08,878.07,2082.72,2733.11,415.05,566.78,725.97,983.32,834.96,1138.97,750.04,975.3,26.13,516.02,543.64,1746.24,1619.34,1356.2,508.92,938.72
99.689,1240.12,403.85,787.37,136.98,144.82,52.63,476.82,235.52,426.81,2058.84,660.84,2410.44,1693.43,620.71,873.4,2078.43,2735.72,401.99,552.97,716.64,995.27,872.28,1154.27,741.83,991.35,38.44,491.57,539.53,1745.49,1612.06,1342.2,510.79,951.6
100.391,1245.9,412.25,794.46,110.48,149.86,67.93,478.32,246.53,422.7,2101.01,656.36,2419.77,1693.99,634.34,874.52,1711.72,2736.28,400.31,565.28,703.01,994.52,904.38,1169.95,740.34,993.59,29.86,494.18,538.6,1806.71,1619.71,1273.15,511.54,944.32
101.092,1254.86,399.56,784.94,106.75,150.23,57.11,471.97,274.9,416.54,2082.91,645.35,2280.36,1698.28,590.11,874.89,1717.87,2779.76,447.15,549.42,700.59,909.05,944.32,1173.68,747.24,992.84,36.21,500.15,544.2,1816.04,1599.74,1231.16,526.28,956.26
101.794,1255.79,399.94,802.3,163.11,150.05,63.64,478.32,277.7,420.09,2059.96,645.91,2246.58,1688.2,605.04,856.42,1713.21,2796.19,374.37,554.09,681.36,899.15,961.49,1159.12,738.28,993.03,52.07,486.72,551.85,1806.33,1609.07,1231.72,550.17,967.27
102.497,1248.89,430.35,811.63,107.12,145.75,79.5,478.5,280.5,435.77,2056.22,667.93,2212.8,1681.3,603.36,847.83,1693.24,3391.33,367.65,531.69,668.86,790.17,1016.35,1178.16,746.68,992.09,66.81,497.73,550.35,1215.3,1604.41,1212.68,567.34,977.16
103.2,1250.94,446.03,842.05,137.54,165.91,70.36,477.2,291.88,431.29,2045.21,650.01,2175.29,1672.71,598.69,839.43,1721.23,2810.37,324.35,543.08,671.29,813.68,1060.21,1132.62,738.28,1000.68,48.52,500.9,550.35,1216.04,1597.87,1210.07,562.3,966.53
103.902,1249.45,429.61,854.18,125.6,146.69,56.36,481.86,285.16,452.56,2049.88,653.56,2181.07,1663.01,583.95,863.32,1660.21,2826.79,330.7,526.47,649.64,790.54,1059.09,1081.86,733.25,1003.29,43.67,511.35,555.58,1197.57,1596.94,1214.74,564.16,988.92
104.604,1246.46,433.15,871.91,123.36,142.39,56.73,473.28,284.6,467.31,2038.68,650.94,2135.17,1659.09,580.21,867.99,1654.24,2879.42,278.82,555.21,660.84,788.86,1091.38,1044.91,763.48,1002.36,47.03,488.4,561.37,1188.98,1604.03,1190.85,582.08,990.79
105.305,1260.83,410.2,868.55,109.73,144.45,56.17,478.13,285.35,468.24,2014.98,647.4,2154.2,1661.51,570.88,890.57,1622.88,2852.73,300.28,563.23,633.22,753.77,1117.5,965.97,737.91,999.93,45.16,508.18,541.4,1215.67,1604.03,1194.21,592.9,997.51
106.007,1251.31,426.44,880.87,126.34,144.63,59.72,478.5,284.79,484.29,2011.81,644.97,2144.87,1656.66,559.13,865.75,1634.08,2774.91,211.07,532.62,615.86,750.79,1128.33,971.94,747.99,1017.85,26.13,491.75,529.64,1225,1608.89,1204.84,610.26,997.88
106.709,1233.4,423.64,892.06,145.57,124.66,58.04,480.93,289.64,499.03,1993.89,645.16,2190.78,1649.01,559.69,893,1652.56,2800.48,107.12,553.53,608.39,747.99,1136.35,928.08,739.22,1044.35,23.51,511.35,536.36,1224.63,1626.43,1191.78,619.96,999.74
107.412,1256.35,426.44,894.86,128.21,112.53,51.88,489.7,277.51,488.02,1988.67,641.05,2148.98,1631.47,550.73,881.8,1651.44,3144.61,332,565.1,604.85,725.78,1174.8,927.71,749.11,1035.39,18.85,515.46,533,1275.2,1623.26,1154.46,606.34,1006.28
108.114,1241.24,429.61,911.1,126.16,152.85,59.35,478.32,290.76,483.17,1980.45,623.14,2123.22,1626.05,546.44,886.84,1632.77,2879.8,347.68,603.73,601.68,722.61,1203.35,926.77,736.23,1034.27,14.74,515.27,537.85,1270.91,1624.75,1138.03,602.42,1032.4
108.816,1239.37,444.54,917.63,136.42,189.98,52.25,499.97,292.63,488.4,1972.99,631.54,2093.55,1642.48,540.09,900.09,1632.59,2868.97,367.09,560.43,619.59,720.74,1076.07,899.53,742.58,1038.94,8.02,519.93,537.85,1295.54,1622.51,1155.95,619.41,1032.59
109.518,1245.53,444.91,925.47,138.29,194.09,60.84,495.86,285.53,428.12,1958.25,632.84,2029.72,1614.48,539.53,922.67,1554.2,2936.72,371.2,547.55,598.32,711.22,1098.84,879.19,747.99,1050.51,5.23,499.97,542.52,1295.17,1621.76,1176.1,628.55,1043.79
110.22,1244.41,439.87,985,164.04,191.1,61.21,490.45,284.23,399.19,2002.85,640.12,2041.85,1621.95,518.07,922.48,1556.63,3108.04,365.78,555.39,580.59,707.86,1107.61,863.7,744.63,1045.09,8.58,499.22,579.28,1303.94,1605.53,1150.35,634.89,1058.53
110.922,1243.29,408.33,974.74,139.59,188.86,52.63,484.48,272.1,403.67,1983.63,648.89,2018.15,1593.02,517.51,859.22,1562.79,2839.67,364.85,555.95,584.51,687.9,1124.97,884.97,752.09,1073.65,37.32,491.38,593.09,1337.91,1628.85,1165.65,646.28,1026.99
111.624,1226.12,421.96,956.82,115.33,206.03,53,487.65,262.21,402.36,1970.56,632.1,2025.24,1579.96,527.4,875.08,1543.57,2856.47,346.37,549.79,596.26,696.11,1104.63,869.11,750.42,1054.43,36.39,508.92,605.59,1310.47,1638.56,1158.19,667.18,1031.66
112.326,1226.12,405.16,964.66,126.53,181.77,64.2,484.66,262.77,405.91,1985.68,635.08,2042.04,1593.21,527.59,873.96,1529.57,2831.27,337.6,583.57,575.18,697.97,1112.09,880.68,755.64,1051.81,37.32,504.07,617.91,1273.52,1653.3,1157.63,678.56,1053.68
113.029,1225.75,413.37,1049.2,108.24,187.37,72.6,479.44,253.44,400.12,1960.11,642.36,2078.24,1598.06,520.68,895.98,1544.5,2797.87,329.2,543.64,584.69,702.64,1044.16,858.1,768.52,1066.56,59.16,496.98,626.87,1283.79,1648.45,1157.07,697.6,1038
113.731,1236.57,399.94,956.26,117.01,192.22,76.52,489.51,262.02,402.55,1965.71,640.31,2109.78,1585,513.03,880.31,1539.09,2736.47,323.05,555.39,563.23,688.83,1024.19,883.29,766.65,1077.57,62.71,489.14,635.64,1283.23,1643.97,1161.73,542.89,1021.77
114.433,1241.98,393.78,903.45,122.61,184.2,74.84,487.84,251.57,408.33,1970,638.25,2116.69,1588.36,506.68,841.86,1556.26,2724.15,318.01,533.56,576.11,670.91,1068.24,842.23,770.01,1088.76,42.36,492.69,632.66,1301.14,1650.5,1166.96,465.81,1017.47
115.135,1224.07,405.72,889.08,154.15,192.6,60.47,474.96,247.09,405.72,1982.69,645.72,2097.47,1587.42,502.77,836.08,1570.63,2721.91,304.94,553.34,558.38,672.78,1061.7,842.61,770.2,1049.2,38.26,482.05,631.54,1310.66,1630.91,1150.35,469.17,1026.43
115.837,1232.65,435.02,889.08,154.71,178.04,52.63,471.79,254.18,393.96,1987.73,650.57,2029.72,1599.37,501.83,872.84,1592.65,2682.72,293.93,542.33,564.16,661.4,1067.49,821.89,801.92,1037.07,28.93,473.09,622.95,1330.82,1635.76,1146.06,472.16,1028.11
116.538,1237.32,421.4,873.4,147.06,152.29,57.29,475.33,256.61,401.61,1972.99,671.47,1997.44,1607.58,494.37,870.6,1598.43,2645.21,275.46,549.42,560.06,668.11,1105.75,816.11,754.15,1049.76,13.06,491.38,577.79,1338.84,1638.19,1150.16,476.64,1030.72
117.24,1219.77,430.91,863.51,142.95,150.61,59.35,477.76,267.06,367.65,1942.38,687.9,1972.06,1655.91,499.41,871.91,1618.78,2589.97,276.2,550.91,594.96,660.46,1012.25,826.74,745.75,1038.56,21.09,475.7,564.35,1352.84,1595.26,1145.87,472.53,1033.71
117.943,1217.16,417.1,884.97,142.95,167.77,50.95,469.92,283.48,366.9,1917.38,680.06,1966.08,1591.16,504.82,876.95,1635.57,2594.63,265.75,654.86,584.32,654.68,997.51,823.2,738.1,1062.26,15.49,481.12,572,1366.46,1589.48,1161.92,482.8,1038.56
118.645,1239.93,418.22,919.31,140.9,168.71,57.11,468.24,273.78,370.26,1923.91,687.34,1963.28,1565.78,508.74,895.05,1626.43,2545.36,272.47,563.42,604.1,645.16,1013.93,833.65,735.86,1066.18,29.11,486.34,586.37,1352.09,1590.6,1145.31,472.72,1021.58
119.347,1237.69,424.76,950.48,155.08,188.68,44.04,467.31,212.94,358.69,1910.28,683.6,1920.17,1562.79,500.9,892.81,1615.42,2547.23,263.14,538.41,552.41,666.99,1007.21,830.29,739.22,1077.57,18.85,475.7,581.52,1341.27,1583.13,1162.85,479.44,1032.96
120.049,1223.32,425.32,931.25,167.77,187.18,38.44,464.88,225.26,377.91,1898.34,690.14,1928.2,1534.61,506.31,898.03,1596.01,2543.31,241.12,563.23,555.02,645.16,1017.66,864.82,738.1,1088.39,17.54,475.14,577.97,1332.68,1578.28,1147.18,478.13,1040.43
120.751,1217.16,431.85,932.93,158.63,193.9,42.74,467.49,196.89,378.66,1898.71,683.98,1919.24,1559.62,502.02,903.82,1582.94,2521.1,226.37,570.51,538.22,644.41,952.34,806.96,730.07,1066.56,19.04,468.43,583.76,1318.87,1627.17,1160.61,476.64,1074.39
121.453,1213.8,427.56,947.68,179.53,189.8,48.9,474.58,223.02,396.95,1891.06,677.45,1911.03,1575.29,505.56,871.91,1584.81,3485.2,220.4,545.69,546.81,648.15,954.58,804.91,733.99,1066.93,24.26,473.28,588.24,1314.21,1599.18,1159.31,473.09,1072.15
122.155,1061.7,404.97,974.55,181.77,187.74,47.4,473.28,221.15,405.91,1841.42,666.99,1910.28,1578.65,502.21,880.87,1571.37,3660.26,208.83,536.92,563.23,627.8,965.41,809.95,727.65,1070.1,22.02,497.54,598.13,1321.67,1579.77,1151.28,482.05,1042.48
122.858,1058.16,412.44,932.37,192.78,193.16,45.16,468.43,232.72,397.32,1881.17,650.57,1880.98,1580.15,501.65,904.38,1543.57,2483.78,206.03,539.34,539.72,635.45,927.89,808.64,733.43,1067.12,16.98,493.99,588.8,1325.59,1591.34,1154.08,491.38,1041.74
123.56,1142.14,414.49,931.07,192.78,192.78,47.4,472.91,237.76,378.66,1873.89,633.96,1890.87,1593.4,505.38,890.94,1525.84,2462.32,158.26,519,548.86,645.16,884.22,800.99,756.95,1073.65,14.56,485.41,602.61,1326.15,1614.48,1141.02,491.94,1040.62
124.262,1141.95,405.53,946.56,192.97,191.48,41.99,457.42,242.05,370.45,1877.62,641.99,1889.38,1587.8,490.63,880.12,1522.67,2472.02,164.23,517.88,530.76,639.56,896.36,811.44,738.47,1070.66,16.05,452.75,614.74,1345.75,1617.47,1161.73,490.82,1071.97
124.964,1164.91,419.16,950.66,176.36,193.53,39.94,458.16,234.77,365.22,1866.8,634.89,1851.5,1570.81,479.25,894.3,1508.86,2442.35,148.55,527.77,515.83,642.92,894.3,818.72,746.68,1083.35,15.3,451.44,612.87,1341.64,1621.95,1149.6,477.2,1057.6
125.667,1209.14,398.26,1014.3,180.84,188.86,53,464.88,235.71,419.34,1875.57,625,1849.26,1580.52,480.74,908.11,1515.95,2447.01,152.47,530.76,514.71,639.37,895.05,812.56,765.16,1050.32,17.92,440.43,621.83,1330.63,1640.98,1164.35,460.4,1065.06
126.368,1210.63,412.44,994.71,170.57,181.21,78.57,455.18,237.76,431.66,1861.39,617.73,1858.4,1575.67,483.17,885.9,1497.1,2417.71,312.41,521.61,515.64,636.2,901.95,827.68,741.83,1043.79,16.24,443.42,616.98,1328.02,1637.81,1168.45,452.75,1032.96
127.07,1210.63,409.27,835.33,174.87,183.64,94.06,464.69,236.27,381.83,1870.91,625.38,1832.27,1568.01,494.55,889.64,1501.39,2400.73,337.79,533.74,522.17,633.78,876.57,824.32,727.09,1038.19,4.85,460.59,608.39,1321.67,1677.56,1168.08,452.94,1024.38
127.772,1214.18,418.22,745.56,168.89,181.4,99.66,457.04,238.13,363.54,1845.9,613.06,1834.51,1572.49,491.57,925.28,1445.59,2391.77,313.9,537.48,512.47,678.75,900.27,835.52,740.52,1056.29,,470.11,613.43,1311.22,1713.4,1168.27,458.72,1026.06
128.473,1111.53,411.51,754.52,178.23,181.96,76.7,459.1,230.67,385.94,1851.31,616.98,1818.84,1566.52,506.68,958.87,1419.84,2389.53,332,534.68,507.24,651.32,930.69,831.41,733.06,1057.04,,459.28,611.38,1312.53,1740.64,1144.38,452,1025.69
129.174,1120.49,401.43,756.2,139.97,180.65,81.55,456.3,243.92,375.3,1858.96,612.69,1824.06,1562.79,501.46,895.24,1419.65,2372.36,337.23,529.27,508.36,635.64,924.72,844.85,744.26,1089.14,1.49,439.31,608.39,1323.91,1753.52,1151.47,456.86,1023.26
129.875,1183.57,405.72,736.23,104.7,179.72,73.16,456.67,241.3,381.46,1847.95,614.55,1835.07,1576.04,498.85,917.44,1440.36,2365.09,323.42,529.45,492.31,615.86,926.59,834.58,733.99,1059.65,12.88,445.66,591.41,1340.89,1747.92,1165.28,466.37,1018.97
130.576,1199.62,414.87,757.13,105.44,175.43,76.52,457.23,248.77,384.63,1801.67,620.52,1802.41,1579.77,503.14,921.74,1407.89,2383.38,320.25,513.78,504.07,625,940.59,831.6,722.98,1078.69,16.61,448.83,567.15,1325.4,1774.98,1175.54,467.68,1002.92
131.277,1202.23,429.05,743.51,117.2,176.17,77.26,457.04,251.2,378.85,1783.75,608.95,1907.86,1565.22,510.6,927.15,1409.2,2366.58,331.82,506.31,511.35,606.71,914.27,805.28,729.33,1056.11,27.25,460.03,573.5,1327.08,1752.21,1166.21,468.43,1004.04
131.98,1185.81,407.03,738.1,100.96,179.16,63.83,463.76,250.26,371.2,1745.87,610.07,1934.54,1568.57,518.63,927.89,1406.96,2348.66,320.62,540.84,518.25,605.04,907.37,789.61,710.85,1057.04,20.53,458.91,568.83,1348.73,1732.06,1155.95,466.93,979.4
132.682,1194.77,410.95,774.3,105.63,179.91,61.96,458.16,263.14,351.41,1731.31,611.57,1932.86,1567.83,522.36,888.33,1442.42,2353.33,317.26,530.76,525.35,604.1,895.98,800.8,738.66,1017.85,24.82,458.16,575.55,1403.6,1732.06,1148.67,477.01,979.03
133.384,1191.03,406.65,773.18,91.07,181.96,61.96,459.1,256.98,348.61,1715.07,602.24,1962.91,1558.87,518.25,863.32,1423.01,2352.58,326.97,526.28,511.16,608.21,897.1,772.44,716.64,1012.25,26.69,468.8,582.64,1410.13,1763.41,1137.47,472.16,950.66
134.086,1165.84,410.01,756.2,107.68,182.52,75.4,463.57,244.48,355.33,1703.88,605.97,1971.87,1550.1,514.15,841.86,1429.54,2331.12,326.59,559.5,487.84,614.93,879.37,767.21,705.44,1010.94,24.82,444.73,575.74,1430.85,1783.94,1134.86,486.53,952.72
134.788,1185.81,398.26,757.88,112.35,178.41,72.22,474.96,211.63,361.49,1660.58,609.33,1773.67,1550.29,509.11,859.59,1436.63,2616.28,337.98,503.7,491.94,607.09,888.52,756.57,708.05,1007.58,29.49,463.76,579.47,1486.46,1804.47,1136.91,467.49,931.25
135.49,1164.72,406.28,745.56,100.03,175.43,60.09,472.35,206.03,345.44,1650.69,606.34,1774.23,1555.88,489.14,847.27,1432.71,2301.45,345.44,512.28,497.35,610.26,874.71,713.46,696.48,1013.74,22.77,459.84,594.02,1472.84,1797.38,1130.75,468.8,929.95
136.191,1160.61,415.43,769.26,68.49,178.23,68.68,485.6,206.22,333.31,1649.2,616.23,1753.33,1563.72,492.87,839.99,1439.24,2299.58,352.35,524.97,482.98,596.64,821.15,722.61,703.95,1008.52,31.54,451.63,586.19,1480.3,1815.29,1126.84,468.05,934.99
136.894,1157.63,430.17,755.27,87.71,174.87,66.44,479.06,210.14,333.31,1659.83,603.17,1715.63,1557.19,478.88,857.72,1442.98,2285.77,371.76,533.93,504.82,598.88,794.65,714.96,708.8,991.16,17.92,458.72,584.69,1507.18,1842.73,1124.41,473.09,943.2
137.596,1146.8,423.26,752.84,105.63,173.56,69.42,488.77,197.45,328.64,1638.19,608.58,1708.54,1562.79,477.57,864.07,1410.5,2285.58,375.3,564.91,486.16,587.68,800.99,702.08,692.56,1004.6,19.6,456.3,579.28,1499.52,1852.06,1118.81,470.85,935.55
138.298,1163.23,447.52,769.26,120.75,177.67,53.19,481.49,206.59,322.11,1629.04,597.57,1686.33,1552.53,466.75,846.9,1423.94,2309.29,382.95,543.82,483.17,597.38,787.37,719.25,703.57,1006.46,22.39,454.99,578.91,1544.13,1858.78,1133.18,476.64,928.45
139,1156.88,457.42,757.32,94.25,179.16,55.8,479.62,205.1,318.57,1625.68,605.59,1669.73,1553.09,458.91,826,1420.21,3221.13,349.73,542.33,498.47,602.61,768.14,701.52,702.64,1012.44,17.17,460.4,579.09,1610.94,1874.26,1129.26,468.61,935.92
139.702,1145.12,488.95,767.21,92.57,175.99,47.78,457.98,212.38,323.23,1604.78,598.88,1662.45,1567.08,469.92,842.79,1424.69,2260.58,310.54,505,463.39,596.08,774.3,713.65,722.05,1005.9,12.69,454.99,569.58,1639.49,1602.54,1119.18,472.16,932.93
140.404,1124.41,486.9,760.31,93.5,179.53,46.66,485.41,231.04,321.93,1603.66,600.74,1635.39,1550.66,467.49,850.26,1428.79,2267.67,300.46,508.36,490.26,586.93,774.49,695.73,702.08,993.77,17.36,449.2,570.32,1683.91,1739.9,1123.48,473.28,937.04
141.106,1133.55,510.98,755.64,97.23,182.33,46.66,480.18,234.21,325.66,1605.9,588.43,1648.45,1553.09,486.53,838.13,1413.86,2262.26,287.77,498.1,474.77,593.09,783.82,708.8,691.07,1008.7,18.1,452.75,547.37,1730.38,1765.84,1112.28,475.7,938.35
141.808,1144.38,517.88,761.99,114.77,174.49,50.02,485.6,219.84,330.7,1604.41,595.33,1651.44,1552.34,484.66,855.67,1418.9,2234.08,290.57,473.47,483.36,594.77,780.46,706.37,702.08,976.23,19.6,461.33,548.86,1734.48,1771.44,1121.8,482.98,924.91
142.51,1129.64,514.34,765.16,98.16,181.77,48.52,480.37,233.84,326.22,1571.19,589.92,1611.68,1557.19,483.73,852.87,1421.7,2235.2,279.56,474.96,474.96,593.28,793.53,693.87,703.2,970.44,15.68,468.05,529.83,1793.83,1784.87,1132.43,482.8,929.76
143.212,1146.24,496.23,739.4,99.47,173,50.2,481.86,255.3,318.94,1596.2,587.12,1610.38,1551.78,478.88,877.32,1396.69,2235.57,282.36,487.84,495.11,586,780.83,706,681.92,966.9,19.6,466.56,528.89,1799.62,1790.1,1134.67,474.77,928.83
143.914,1135.05,514.71,750.98,104.7,177.67,52.07,478.88,240.74,310.92,1608.51,598.69,1619.71,1535.73,469.36,851.38,1395.57,2228.48,270.23,499.22,484.85,584.13,728.39,693.87,693.31,960.18,25.01,465.63,519.19,1726.65,1789.54,1129.64,482.8,946.18
144.616,1137.47,480.56,768.52,82.11,176.55,64.2,485.04,248.21,305.88,1577.16,592.34,1617.84,1525.09,477.57,827.3,1391.66,2213.92,266.87,457.98,484.1,590.11,735.67,684.91,722.61,960.18,18.85,460.4,518.25,1742.7,1797.56,1141.39,484.1,948.8
145.318,1138.03,493.25,761.61,97.79,179.91,47.03,477.76,245.78,312.97,1588.17,591.97,1610.19,1523.41,471.04,834.77,1378.59,2183.31,268.74,486.53,482.98,608.58,744.07,699.28,693.49,959.81,12.32,458.72,529.27,1767.52,1800.36,1113.4,471.97,953.46
146.019,1143.63,497.17,777.66,82.3,174.68,58.79,480.37,257.17,318.94,1586.12,590.85,1593.96,1519.31,474.58,824.88,1369.82,2198.43,299.9,542.52,480,588.61,759.56,696.67,678.94,954.21,18.1,467.49,531.88,1745.87,1794.95,1131.13,477.57,932
146.722,1128.14,497.73,779.16,80.25,175.99,67,482.61,260.15,331.82,1590.97,590.66,1576.6,1519.12,474.58,826.56,1359.74,2174.17,237.39,481.86,473.09,579.28,755.83,712.9,687.52,949.73,21.65,454.8,532.62,1766.96,1802.6,1124.6,469.92,936.67
147.425,1106.68,497.73,779.53,82.3,176.73,50.95,480.56,270.23,356.27,1561.11,587.68,1545.62,1525.28,473.09,856.42,1352.46,2191.15,274.15,486.72,484.48,585.07,781.95,691.82,694.24,957.19,12.69,447.34,531.32,1787.48,1809.51,1116.94,480.93,919.12
148.127,1104.25,510.79,792.59,87.71,179.53,53.56,478.13,288.33,352.91,1554.39,585.63,1545.25,1516.88,449.76,809.39,1370.57,2184.25,269.67,482.8,470.48,574.8,791.85,692.19,684.91,956.82,24.63,464.32,545.69,1573.99,1809.51,1124.6,473.28,925.47
148.829,1099.03,509.48,803.79,107.31,178.04,42.74,486.16,284.41,358.69,1552.15,580.96,1499.34,1508.11,456.11,832.34,1349.85,2167.08,293.19,484.66,471.6,587.12,799.87,701.71,675.21,946.18,19.78,462.83,534.86,1582.94,1830.59,1129.08,481.49,921.55
149.531,1104.25,507.43,825.62,86.59,179.16,37.14,479.06,279,360.18,1546.18,569.76,1483.85,1508.86,467.12,835.52,1351.72,2147.3,239.81,489.89,461.33,585.44,826.74,700.59,706.37,938.91,11.94,456.67,545.32,1588.54,1857.1,1126.28,474.4,934.61
150.233,1123.66,481.86,837.38,84.17,180.65,35.27,474.77,281.24,357.57,1534.24,577.97,1547.67,1508.86,449.58,841.49,1336.04,2159.61,319.31,473.65,476.82,583.01,865.38,685.1,685.84,950.48,18.48,459.65,542.52,1541.14,1857.66,1138.22,483.92,922.67
150.935,1120.86,481.49,835.89,95.92,183.26,28.74,477.38,284.79,362.98,1526.21,577.04,1539.65,1510.72,451.63,833.28,1357.88,2148.42,328.64,479.44,466.56,582.83,872.09,697.6,703.01,950.85,16.24,443.23,539.9,1553.83,1836.19,1136.91,474.58,929.39
151.638,1103.13,482.42,849.89,75.96,187.74,45.91,484.85,292.07,365.97,1520.8,589.55,1557.38,1533.49,410.01,862.02,1350.22,2137.03,327.71,466.19,471.23,563.6,841.86,694.99,689.02,953.28,18.48,454.06,551.66,1583.88,1818.09,1125.16,468.24,936.67
152.339,1126.84,472.16,890.57,75.77,188.86,36.02,481.68,304.94,353.09,1527.52,577.23,1561.11,1521.73,413.93,856.6,1348.36,2128.63,302.33,491.38,477.94,607.65,862.58,698.91,702.45,959.43,17.17,457.98,557.45,1537.41,1800.92,1138.78,459.28,936.67
153.041,1107.43,464.13,887.58,81.55,180.65,36.76,473.09,310.92,339.84,1514.08,577.97,1549.35,1505.68,417.1,834.02,1345.37,2116.88,258.47,472.16,456.3,566.4,881.99,703.57,716.26,954.4,13.81,456.11,545.32,1539.46,1799.06,1127.58,426.44,939.65
153.743,1103.51,419.72,903.26,96.48,186.44,44.98,475.14,321.74,352.35,1523.41,583.76,1547.86,1499.71,432.78,830.29,1356.76,2104.56,317.82,486.72,454.8,564.72,896.91,691.07,689.95,954.58,19.97,456.67,555.77,1516.32,1793.46,1130.38,433.34,933.31
154.445,1091.38,425.13,919.5,80.81,184.94,70.36,488.21,334.99,351.6,1521.73,570.32,1561.67,1497.66,435.95,812.56,1354.52,2078.99,191.48,478.13,454.43,572.19,920.43,707.12,717.38,941.14,17.92,440.99,563.04,1521.17,1806.33,1145.12,423.26,936.85
155.147,1084.66,440.06,926.21,86.78,185.88,70.73,475.89,342.83,358.5,1522.29,569.02,1537.22,1495.98,444.91,807.9,1363.48,2089.44,278.44,462.45,460.96,552.03,938.72,694.24,675.02,944.88,18.85,452.94,563.04,1533.68,1792.52,1134.49,435.58,933.31
155.849,1081.86,424.76,967.83,111.23,189.05,73.34,475.52,350.11,383.14,1537.97,573.5,1537.04,1482.35,432.22,835.33,1360.68,2082.72,313.71,470.29,462.27,554.46,955.51,684.35,690.14,936.85,19.04,450.7,570.51,1487.02,1786.92,1133.37,434.65,935.92
156.551,1090.07,429.98,999,70.92,181.59,80.43,465.81,352.91,367.46,1531.62,572,1538.71,1483.85,437.63,846.34,1395.76,2080.48,294.12,454.99,464.69,576.29,969.7,685.66,704.32,929.95,21.28,444.35,561.37,1442.6,1738.03,1148.67,429.98,934.99
157.254,1081.11,419.34,786.99,74.46,189.8,86.59,470.29,355.71,387.62,1520.24,567.34,1505.12,1484.59,440.25,813.31,1369.63,2075.26,274.34,469.73,456.11,558.75,989.67,684.54,684.35,937.6,17.36,444.91,573.68,1428.42,1677.38,1138.41,419.53,933.31
157.956,1049.57,405.53,785.87,83.98,179.53,77.26,467.31,376.61,397.88,1533.12,566.03,1512.77,1475.45,453.68,820.4,1378.96,2077.31,263.33,455.36,455.36,555.58,1004.41,691.44,681.74,937.04,21.65,450.7,602.98,1419.65,1687.27,1121.24,420.28,940.77
158.658,1084.1,404.23,795.95,79.88,176.92,73.34,463.76,375.49,411.88,1537.22,561.18,1500.08,1472.46,442.49,825.62,1377.47,2063.13,250.45,461.15,456.11,552.41,1047.89,687.71,692.93,924.35,26.13,458.54,589.17,1417.78,1696.97,1144.19,426.44,938.53
159.36,1085.22,407.96,820.4,80.06,181.4,83.79,462.64,383.33,404.41,1567.08,564.35,1495.79,1461.45,429.24,826.18,1386.62,2046.52,253.44,458.54,456.11,542.33,1085.78,672.97,682.86,939.84,16.8,444.54,605.04,1418.16,1708.54,1113.4,422.33,940.4
160.062,1068.05,404.41,821.15,87.15,183.08,61.59,471.6,366.34,409.45,1569.32,565.28,1510.53,1471.9,447.9,842.98,1390.72,2043.35,243.73,452.94,453.31,560.62,1016.54,667.55,685.28,940.59,24.45,452.19,605.04,1412.37,1713.77,1134.11,428.49,934.99
160.764,1032.96,418.41,832.9,103.2,177.85,67.56,475.89,367.84,393.03,1555.32,561.18,1508.67,1460.33,456.11,818.91,1408.08,2014.98,256.98,472.16,449.58,549.42,1001.8,676.89,687.71,941.52,22.02,448.27,598.32,1394.27,1732.99,1102.57,425.5,936.11
161.466,1043.23,429.98,837.76,80.81,176.36,67.74,470.67,378.47,392.47,1537.04,568.46,1506.06,1462.2,457.23,803.6,1407.89,2035.88,261.65,451.26,448.08,544.94,1029.42,683.79,666.99,935.36,22.02,446.22,621.64,1386.99,1737.66,1093.43,431.1,933.87
162.169,1050.69,429.8,841.3,75.58,171.69,63.83,472.72,379.41,400.12,1529.94,559.5,1493.37,1469.48,446.96,817.6,1400.05,2017.22,274.52,461.33,440.25,541.58,1029.23,661.96,674.65,935.92,21.84,452,617.73,1365.15,1735.79,1076.82,427.37,939.47
162.871,1082.61,450.32,812.56,88.27,175.43,86.59,462.45,393.22,388.36,1559.43,557.63,1476.94,1474.52,457.42,802.67,1379.15,2027.11,288.33,446.22,441.55,548.86,985.37,655.05,675.58,928.64,18.85,450.7,626.31,1361.42,1730.56,1059.28,429.24,937.41
163.573,1079.43,455.55,814.24,109.73,175.99,59.53,466.37,390.6,316.7,1542.63,569.02,1475.82,1472.65,446.78,804.35,1378.59,2033.27,284.79,453.87,433.9,554.09,981.08,637.32,695.55,935.55,28.18,452.56,624.44,1336.6,1756.32,1064.88,428.68,937.04
164.275,1082.42,437.07,809.57,113.28,170.76,91.07,473.65,386.31,316.89,1541.7,554.46,1500.08,1478.06,429.98,805.28,1367.95,2028.23,279.38,439.87,438.75,567.71,964.29,641.24,685.66,935.17,13.62,445.66,624.82,1344.07,1746.61,1101.08,434.27,927.33
164.977,1088.02,458.16,770.2,97.79,171.51,76.89,473.28,378.66,303.64,1552.71,563.79,1484.59,1463.32,435.58,807.71,1346.49,2020.02,274.52,463.57,434.09,545.13,950.48,629.11,706.56,942.45,21.46,456.86,617.73,1353.58,1746.05,1088.02,437.82,942.45
165.678,1084.66,450.88,759.37,85.66,168.15,74.28,469.17,401.61,314.27,1532.93,566.59,1483.66,1483.85,419.9,772.25,1336.04,2023.75,253.25,460.96,424.57,535.05,949.17,619.78,682.86,935.92,15.86,448.27,604.1,1352.09,1753.15,1073.46,433.9,943.94
166.38,1098.84,431.66,742.95,94.06,174.49,55.43,474.4,404.41,315.39,1561.3,559.31,1497.84,1452.87,432.22,795.02,1340.52,2001.73,212.56,451.07,430.17,550.17,914.64,596.82,699.84,928.64,22.95,438.57,614.55,1327.46,1694.55,1075.7,441.37,939.09
167.083,1096.42,440.06,752.84,97.79,170.39,75.4,472.53,401.61,310.73,1544.5,549.05,1486.27,1448.39,421.02,764.6,1320.18,1992.96,76.14,446.22,427,533,965.22,619.41,687.9,923.79,15.3,454.99,624.07,1323.54,1733.74,1068.61,449.39,956.26
167.785,1088.02,425.5,750.42,102.83,178.97,70.36,474.58,378.66,315.58,1567.83,551.85,1490.01,1452.12,432.22,778.78,1311.41,1986.43,210.33,462.83,418.6,539.34,942.82,602.8,664.01,926.21,14.56,448.64,605.78,1323.35,1747.36,1053.87,451.44,949.73
168.487,1088.76,422.7,756.95,104.51,175.8,69.24,475.52,389.48,305.32,1569.13,550.54,1480.67,1447.83,431.85,775.24,1283.6,1990.53,208.65,464.51,421.96,544.38,813.12,609.33,677.63,911.47,16.42,458.16,605.97,1308.05,1737.28,1062.26,444.73,942.26
169.189,1088.76,389.48,736.05,97.79,170.01,59.35,471.79,379.22,300.46,1537.78,548.67,1461.64,1446.15,444.91,775.98,1311.22,1974.3,199.87,438.01,421.4,528.71,786.43,602.05,684.91,909.23,16.42,459.84,597.38,1308.42,1663.75,1074.58,440.62,929.95
169.891,1060.77,393.59,722.42,95.92,170.57,59.16,472.53,313.16,299.16,1522.48,553.71,1444.28,1449.88,438.38,760.68,1303.2,1989.79,190.73,428.68,424.2,545.32,792.41,596.82,672.22,922.67,14,461.71,608.77,1308.05,1677.75,1055.17,448.08,939.84
170.593,1068.24,392.28,693.87,74.46,175.24,55.43,471.6,312.22,307.18,1505.31,559.69,1446.34,1448.76,446.96,789.79,1315.7,1993.89,171.32,438.01,420.28,540.09,769.64,604.1,676.51,926.77,11.76,447.52,602.61,1302.08,1627.73,1049.2,450.88,941.7
171.295,1061.14,398.82,709.92,78.38,171.32,100.22,461.71,321.93,311.48,1508.86,557.26,1441.48,1435.51,433.15,742.2,1312.53,1992.02,151.35,444.73,423.82,545.5,788.3,578.72,683.79,912.4,24.45,449.39,601.12,1301.89,1643.6,1064.88,458.72,929.57
171.997,1067.12,386.31,700.77,77.26,178.6,63.27,452.19,320.81,301.4,1521.73,557.45,1436.45,1433.65,437.26,767.96,1307.11,1989.23,148.93,447.52,422.14,536.36,775.05,595.7,665.31,897.85,18.1,466.19,615.3,1319.25,1545.99,1078.5,449.02,940.96
172.699,1074.77,394.34,699.65,75.58,170.57,84.35,469.36,329.95,301.4,1518,551.1,1457.91,1423.57,433.71,770.2,1310.66,1990.16,224.7,446.03,416.36,541.77,702.83,590.11,675.77,900.83,10.26,474.02,605.04,1324.47,1545.43,1082.23,445.66,941.33
173.401,963.54,372.5,708.8,80.25,166.47,71.66,474.77,317.45,295.43,1498.03,555.39,1465,1416.48,416.17,765.72,1294.61,1984.56,280.68,427.93,411.69,539.9,718.13,598.13,678.01,895.98,7.84,462.64,604.1,1340.52,1551.59,1085.41,441.93,941.52
174.103,937.6,387.43,725.78,78.57,169.83,82.3,472.16,310.73,298.41,1489.63,541.58,1481.98,1431.22,427.18,814.43,1303.76,1970,299.9,436.51,415.43,532.62,723.35,595.14,678.94,909.05,13.81,464.32,595.33,1331.38,1553.46,1083.35,436.51,934.24
174.805,972.31,356.83,731.57,89.77,166.47,68.49,468.05,321.93,298.6,1440.92,549.61,1501.76,1420.4,405.35,770.76,1275.95,1978.03,294.87,446.59,420.09,551.47,725.03,582.45,676.14,892.62,39,461.89,589.73,1325.22,1562.79,1084.85,437.26,941.7
175.507,1030.91,385.38,738.47,65.32,170.01,68.3,464.88,314.09,302.33,1402.85,545.69,1505.68,1420.77,418.78,753.96,1293.12,1989.6,295.8,440.81,413.93,537.85,736.6,580.77,663.26,896.91,34.9,479.44,598.69,1314.21,1554.39,1068.61,434.83,943.94
176.209,1029.42,387.62,724.47,52.44,168.52,67.93,466.56,307,291.51,1384.75,542.89,1483.47,1410.88,415.8,811.63,1289.2,1983.63,259.41,432.03,417.66,528.89,734.55,582.45,669.79,908.3,25.19,461.89,606.34,1317.94,1579.4,1073.46,439.5,939.84
176.912,1003.48,377.17,715.14,76.52,181.77,65.51,467.87,325.29,274.9,1377.66,542.7,1452.31,1405.65,404.97,827.68,1278.56,1983.44,294.87,434.09,411.51,524.97,724.66,587.68,642.92,906.81,16.42,467.12,600.18,1324.84,1565.4,1088.2,422.52,943.38
177.614,985.19,365.41,702.08,105.82,169.45,92.57,469.73,298.41,293.93,1359,544.94,1441.86,1397.25,408.89,778.41,1298.9,1979.71,291.32,437.63,415.05,532.62,699.47,567.15,691.82,897.1,23.89,469.17,611.01,1348.17,1583.5,1072.9,430.91,935.92
178.315,983.88,332.94,688.08,94.62,170.57,67.56,471.23,299.53,286.09,1344.25,538.41,1448.02,1393.52,407.77,800.8,1312.53,1995.57,291.13,436.51,402.55,535.98,683.79,564.16,660.84,895.42,15.86,474.77,614.37,1356.01,1587.61,1051.07,422.14,938.35
179.017,984.07,354.21,695.73,89.21,176.92,67.18,461.33,303.64,285.16,1417.78,525.53,1425.99,1400.99,415.61,820.21,1294.61,1991.28,299.53,413.56,409.27,524.79,682.48,585.44,671.66,900.09,17.73,481.3,617.35,1364.41,1585.18,1071.78,416.17,929.57
179.719,979.78,342.46,692.38,89.77,170.2,82.3,467.31,294.12,278.82,1398.56,540.65,1409.01,1392.77,399,800.06,1282.67,1980.45,291.51,420.46,404.97,540.65,684.72,606.9,666.81,888.52,22.58,475.7,622.02,1385.68,1593.02,1085.41,424.57,937.41
180.421,976.98,334.62,676.89,94.62,158.82,65.32,467.12,307.56,280.87,1429.54,524.97,1394.45,1387.55,409.83,822.45,1303.01,2016.29,276.2,429.98,399.94,537.1,716.26,605.97,658.6,892.62,19.41,467.31,616.05,1375.42,1607.39,1050.51,418.22,932
181.124,913.15,345.25,671.85,84.35,165.35,61.21,469.17,303.82,266.31,1437.94,538.78,1422.26,1388.3,421.58,823.57,1300.58,1945.37,265.75,424.76,397.51,540.46,754.52,562.11,660.84,889.45,19.78,482.8,612.87,1382.7,1613.18,1040.8,427.56,934.8
181.826,762.73,322.67,674.09,102.27,160.12,70.73,461.52,305.13,259.97,1420.77,537.66,1401.36,1390.72,390.6,805.84,1296.85,1978.77,274.9,423.08,399.56,539.9,789.98,566.78,641.24,890.38,16.24,488.02,618.29,1388.86,1598.99,1037.63,425.5,931.07
182.527,729.14,337.42,672.59,86.78,158.82,62.89,469.36,296.36,276.02,1421.33,527.77,1397.25,1388.3,405.16,805.47,1296.85,1972.43,261.83,432.97,391.54,538.97,822.64,559.87,658.78,895.8,16.24,487.84,618.1,1359.18,1597.13,1030.91,416.92,933.68
183.229,873.77,332,687.34,87.15,105.63,64.76,472.72,282.36,294.68,1396.32,530.95,1387.92,1381.58,394.34,813.68,1278,1956.01,264.26,435.21,398.26,531.51,816.67,557.45,659.34,894.3,19.22,484.66,622.2,1350.04,1584.44,1013.18,424.38,940.03
183.931,912.03,324.17,673.34,96.67,119.63,70.73,464.13,297.11,307.56,1404.72,528.15,1390.72,1376.91,398.07,805.66,1270.91,1963.28,255.12,442.11,389.48,533.18,832.34,552.41,649.45,901.21,21.09,481.86,611.94,1353.58,1575.48,1017.66,423.45,950.48
184.633,940.21,321.18,663.63,100.78,173.75,77.08,469.17,284.41,315.02,1412.74,534.86,1391.28,1380.83,401.61,815.17,1285.65,1951.15,246.72,424.2,388.92,540.65,819.09,538.78,657.1,895.42,15.68,489.51,600.74,1340.52,1598.62,1000.3,421.58,940.03
185.336,937.97,319.69,666.25,94.43,170.95,68.49,469.17,290.2,317.45,1402.48,539.9,1379.9,1369.63,397.7,803.42,1272.4,1931.37,245.6,429.98,396.39,524.04,792.78,547.37,677.26,884.41,20.34,481.49,602.24,1345.19,1567.08,1009.82,413.93,939.28
186.037,928.83,318.01,666.43,91.63,172.07,62.71,465.81,281.06,319.13,1419.09,536.17,1387.92,1382.14,401.24,801.36,1264.19,1958.43,248.58,408.33,390.6,524.23,806.78,558.57,668.49,889.45,18.48,481.3,611.38,1343.51,1571.37,1017.29,424.76,949.54
186.739,907.37,320.99,665.13,84.54,172.07,65.69,467.87,287.77,325.29,1412.37,532.07,1382.14,1377.47,396.76,789.42,1266.24,1917.19,245.22,401.8,381.65,522.92,826.93,568.27,660.46,897.66,17.17,480.93,601.86,1354.14,1578.47,1002.36,434.83,931.63
187.442,891.5,314.27,667.18,82.3,176.92,75.96,466,287.59,333.68,1391.28,530.76,1370.01,1360.12,391.72,807.34,1244.22,1930.44,218.35,417.48,382.95,519.93,796.51,556.51,666.06,888.52,22.58,465.25,610.63,1373.37,1558.87,1018.03,415.05,934.43
188.144,892.25,320.81,669.42,103.02,173.19,71.48,449.39,282.18,317.26,1395.2,534.12,1357.88,1352.09,387.99,803.98,1250.38,1942.57,234.96,404.04,386.5,525.91,789.42,559.13,656.73,868.36,15.49,479.81,586.93,1403.04,1569.69,1001.61,416.36,949.92
188.846,838.32,318.94,672.41,111.04,172.44,63.83,445.47,270.42,310.36,1392.03,528.33,1357.69,1355.64,393.22,804.16,1258.78,1936.78,231.97,401.24,384.45,523.67,789.61,557.45,655.24,892.44,20.53,479.81,590.11,1405.65,1575.29,1036.32,418.22,930.88
189.548,798.94,322.86,673.34,95.92,172.81,84.17,459.28,275.46,305.32,1365.34,528.33,1360.68,1361.05,393.96,809.02,1250.94,1938.09,238.32,418.22,380.53,524.97,779.16,554.09,670.17,897.47,19.97,484.29,575.36,1409.01,1562.98,1023.82,413.75,934.05
190.25,885.16,308.49,686.4,94.62,175.43,49.64,462.27,282.18,308.68,1372.81,533,1367.02,1357.88,392.47,823.76,1227.24,1934.54,270.6,408.33,391.54,519,807.9,550.73,669.79,875.64,21.09,478.88,578.53,1409.94,1571.75,1009.26,406.65,937.6
190.952,894.12,332.38,656.17,83.79,177.85,50.58,476.64,290.95,291.88,1371.31,530.76,1335.11,1364.03,399,784.19,1237.69,1915.14,287.77,409.64,378.85,512.84,818.35,554.65,682.86,862.95,22.39,468.43,570.32,1426.93,1568.2,1007.77,414.31,935.92
191.655,876.57,330.14,631.91,90.51,174.87,59.72,463.95,283.48,298.23,1352.28,530.2,1316.45,1360.3,391.54,778.22,1224.07,1903.75,287.21,395.46,382.58,513.4,792.59,548.86,641.61,864.07,24.82,469.73,568.46,1414.61,1575.29,1004.22,406.65,943.01
192.358,875.83,334.06,648.52,84.91,175.43,94.8,465.44,283.11,295.61,1336.23,525.53,1338.47,1351.9,378.29,773.93,1270.35,1885.28,281.8,408.15,375.86,513.4,814.43,558.01,666.25,874.89,21.09,470.29,581.52,1418.16,1588.92,1003.66,415.61,921.36
193.06,853.62,297.11,642.92,64.95,174.68,60.65,463.95,283.3,290.2,1278.56,536.17,1322.42,1347.61,393.78,741.08,1243.48,1892.93,288.52,408.52,371.2,519.93,829.54,542.89,638.07,859.4,26.87,467.49,577.97,1428.79,1616.72,1030.54,413.37,928.83
193.763,855.11,306.44,630.42,70.54,173.75,85.29,465.81,278.26,295.05,1271.47,527.4,1331.56,1336.23,379.03,768.33,1224.07,1904.31,275.46,393.59,363.92,507.06,834.58,546.62,649.45,868.36,21.65,479.44,576.48,1395.76,1636.51,1008.7,425.32,928.45
194.465,865.38,318.94,622.02,80.99,174.68,69.42,441.37,286.84,300.46,1247.95,516.39,1352.84,1341.64,392.28,756.95,1224.44,1865.49,279.19,409.45,370.45,505.94,845.78,551.29,678.75,864.26,21.28,470.29,575.74,1386.06,1614.11,1029.79,427.56,931.63
195.167,857.72,299.16,630.98,76.89,176.73,54.31,460.59,284.97,297.67,1241.24,525.53,1347.8,1342.76,378.85,768.7,1230.6,1873.71,279,402.55,377.54,524.23,868.73,546.81,661.4,874.15,22.77,486.9,576.29,1344.81,1654.42,1015.98,435.21,911.1
195.869,842.79,325.47,621.64,103.76,173.75,52.63,465.25,286.09,309.24,1186.74,519.19,1351.72,1322.04,378.66,782.89,1225.56,1871.28,273.96,424.2,383.14,509.67,876.2,542.14,670.35,864.44,25.01,483.92,564.72,1326.52,1686.52,1007.77,431.85,923.42
196.57,819.65,310.92,615.86,83.79,178.41,34.9,464.69,297.11,305.13,1208.02,529.64,1360.49,1334.92,390.04,721.86,1237.88,1858.22,273.59,402.36,362.42,494.74,879.75,528.71,639,868.17,25.57,480.37,572.19,1322.42,1692.49,1016.54,435.02,913.15
197.272,827.3,335.18,616.61,74.84,173.93,24.26,460.96,287.59,301.58,1250.57,524.41,1324.66,1332.68,368.96,745.56,1245.53,1840.3,271.91,417.66,362.61,513.03,894.49,532.07,655.8,863.32,25.75,477.57,556.14,1284.53,1679.24,1020.09,428.49,916.14
197.973,837.57,289.83,556.14,66.62,175.99,51.13,459.65,304.76,290.76,1250.38,528.15,1321.11,1335.29,383.7,763.85,1243.1,1857.47,268.55,417.48,368.58,514.9,907.93,522.36,669.23,857.16,29.67,468.43,552.03,1285.47,1640.61,1016.54,428.86,915.95
198.676,821.89,304.94,494.74,64.76,175.43,63.45,466.56,300.65,293.37,1282.85,523.67,1329.32,1324.66,375.11,775.42,1229.85,1840.3,267.43,428.86,355.89,512.47,911.66,536.36,690.88,846.53,25.57,480,548.67,1278,1606.83,1015.79,429.24,919.31
199.378,874.52,292.44,508.36,64.39,173.37,60.84,460.4,292.81,292.44,1284.91,525.35,1308.42,1307.49,365.97,742.58,1234.7,1834.33,265.01,418.97,362.05,502.58,911.1,542.7,664.94,855.48,28.93,481.3,539.34,1292.18,1586.3,1029.79,419.72,916.7
200.08,880.87,295.8,496.05,70.73,169.45,41.24,457.42,293.56,284.79,1267.74,536.73,1318.13,1304.88,375.86,736.42,1234.52,1818.84,269.11,406.09,367.65,504.63,895.05,542.14,657.85,859.96,33.03,486.16,542.52,1255.05,1581.45,1034.46,417.66,911.84
200.781,875.08,300.84,498.29,90.7,168.52,46.28,449.02,294.68,289.27,1291.81,522.55,1319.25,1311.97,367.65,747.62,1219.96,1813.8,260.53,420.46,359.81,512.84,892.06,545.5,666.06,857.72,25.19,466,542.7,1251.5,1582.38,1024.19,418.97,927.33
201.483,883.85,308.68,487.84,78.94,169.83,44.04,446.59,282.55,290.39,1277.07,523.29,1311.59,1323.72,377.35,721.49,1230.6,1818.09,279.75,396.02,356.27,504.44,906.81,545.13,689.39,858.84,23.14,468.99,542.52,1234.14,1527.33,1019.9,411.69,918.38
202.186,907.37,299.72,492.69,72.78,172.07,47.59,439.31,280.68,286.09,1288.64,524.04,1312.9,1302.82,371.57,748.18,1236.76,1808.2,264.26,400.87,351.79,513.22,890.94,550.54,688.08,865.94,29.3,471.04,544.76,1232.28,1435.33,1028.3,412.07,922.67
202.888,909.05,314.65,485.04,92.57,175.61,59.91,449.02,275.83,284.04,1297.04,518.25,1323.54,1308.42,367.84,749.48,1225.37,1817.34,268.74,405.16,363.54,504.44,867.99,533.93,661.21,862.76,25.01,462.64,549.61,1236.38,1430.66,1003.29,400.12,907.93
203.589,898.22,300.09,486.53,80.62,169.08,54.12,443.42,293.75,291.69,1243.66,526.84,1327.46,1293.49,362.8,766.65,1229.11,1811.56,267.99,404.79,357.94,508.36,861.64,554.09,641.61,858.1,31.91,461.33,545.88,1237.88,1435.51,1027.93,409.64,918.56
204.291,924.54,300.28,486.9,66.44,169.27,51.13,440.25,292.07,297.48,1175.17,522.55,1313.09,1286.96,357.76,734.93,1225.19,1824.25,279.94,413.37,349.17,513.22,841.11,537.85,663.08,853.06,29.67,463.2,530.39,1252.81,1443.54,1048.27,398.44,914.46
204.993,899.53,318.57,485.6,70.54,170.2,49.64,443.05,313.71,307.74,1231.35,522.17,1308.79,1285.65,355.15,707.86,1207.46,1799.99,287.77,407.96,350.85,507.8,814.8,536.73,648.15,847.09,31.35,461.71,527.21,1241.05,1434.39,1010.2,403.29,920.24
205.695,876.95,321.74,485.41,73.34,170.39,50.39,451.63,293.56,304.38,1279.12,521.99,1330.44,1285.65,359.62,730.82,1215.11,1798.68,281.43,396.58,352.72,496.23,785.69,537.1,653.37,845.97,33.03,463.39,532.62,1250.01,1439.62,1022.51,399.94,928.27
206.398,894.86,312.41,489.7,73.16,166.84,66.81,438.57,279.94,300.09,1295.36,525.35,1311.22,1286.03,361.86,736.05,1220.33,1792.34,266.87,396.76,347.49,492.13,782.89,520.31,635.83,845.78,31.35,463.01,528.71,1220.15,1429.91,1050.69,379.78,915.2
207.1,892.06,325.1,491.01,84.91,173,47.03,438.94,288.15,305.69,1262.88,531.69,1301.7,1294.42,372.13,756.57,1215.3,1794.58,273.03,391.35,350.48,508.55,792.97,536.54,637.69,842.98,29.67,474.21,534.3,1229.11,1442.04,1053.31,380.15,930.32
207.802,865.38,324.91,493.25,73.34,167.22,47.03,439.5,275.08,322.67,1283.79,527.4,1307.67,1274.27,365.97,734.93,1219.59,1774.05,282.18,428.3,346.19,489.7,789.98,540.46,633.96,831.22,29.86,485.6,530.95,1214.74,1455.11,1041.18,381.09,915.39
208.504,867.62,328.64,480.37,89.95,165.91,52.44,438.01,252.32,328.83,1294.61,522.17,1290.13,1285.47,380.15,781.95,1217.16,1789.54,277.88,415.61,350.48,504.63,792.22,542.33,655.24,823.57,31.17,479.25,530.95,1222.39,1439.06,1052.75,379.22,914.64
209.206,886.65,316.7,481.49,76.89,163.48,49.83,442.11,228.8,339.66,1211.56,516.95,1319.25,1274.83,400.12,760.12,1220.33,1774.61,276.76,417.29,358.13,502.58,775.98,541.58,641.05,820.21,32.85,462.08,526.65,1235.08,1440.36,1029.04,379.41,916.88
209.908,862.2,259.41,482.24,69.24,171.51,52.25,448.83,197.82,340.96,1229.29,513.59,1311.59,1281.55,391.72,736.79,1214.92,1788.6,271.16,421.02,270.6,510.04,785.13,526.09,651.88,826.37,31.54,460.21,520.87,1226.87,1445.4,1014.3,367.09,907.55
210.61,842.98,232.72,482.8,77.08,168.71,47.59,435.58,195.77,336.48,1178.9,507.43,1308.98,1269.04,392.66,716.45,1220.52,1792.52,277.32,402.17,260.15,505,792.97,534.3,625.38,824.13,31.35,457.42,524.23,1234.14,1442.23,1026.25,379.03,918.56
211.312,1034.46,293.75,489.14,85.47,165.16,53.56,439.31,185.32,361.49,1159.68,506.5,1322.98,1259.71,391.72,726.15,1218.09,1796.07,267.99,425.5,326.22,501.46,809.95,535.42,620.9,830.29,29.3,461.71,513.96,1229.85,1454.55,1012.44,383.14,921.92
212.013,1060.96,405.16,474.21,83.42,170.2,42.36,438.75,192.04,364.48,1149.79,507.99,1326.71,1268.86,380.9,739.4,1203.91,1793.08,268.55,407.77,332,497.73,814.24,520.68,626.87,818.91,28.93,465.25,514.34,1246.28,1458.47,1011.88,376.79,923.23
212.716,1039.87,478.32,477.01,84.54,168.15,51.32,435.58,203.42,365.78,1183.57,507.8,1315.7,1261.02,386.87,731.75,1227.61,1791.22,272.84,401.61,322.86,493.25,841.3,534.12,620.71,821.52,28.93,454.62,521.24,1253.37,1431.78,1029.98,371.94,920.43
213.418,1034.64,476.45,476.45,73.9,171.13,56.55,430.91,195.21,382.21,1149.79,506.31,1304.5,1262.88,383.14,756.39,1205.96,1794.39,258.1,413,340.22,497.35,841.3,523.11,625,826.37,29.67,479.44,522.55,1248.89,1386.06,1030.72,371.94,921.36
214.12,1033.15,477.94,476.82,97.04,168.89,63.64,432.97,191.48,373.06,1152.03,505,1308.61,1258.59,383.33,735.11,1205.78,1794.58,262.77,384.82,327.15,502.39,864.07,537.29,624.63,819.65,23.33,464.13,524.79,1247.02,1396.32,1011.88,378.1,922.67
214.822,1050.88,461.71,474.4,75.21,173.37,68.86,435.21,192.41,371.01,1141.39,508.55,1293.49,1252.06,376.61,726.9,1217.16,1773.67,265.38,472.91,332,492.87,858.84,517.14,627.24,815.92,9.52,465.44,536.54,1236.01,1397.63,997.13,360.18,915.02
215.524,1047.52,484.29,479.62,72.41,170.2,38.82,440.25,207.15,376.79,1153.52,495.3,1300.58,1260.46,390.04,723.54,1208.76,1781.7,270.42,408.33,344.32,492.69,886.28,532.81,627.43,808.83,3.73,450.51,520.68,1234.7,1406.4,993.59,374.18,926.4
216.226,1048.45,452.94,479.81,79.88,172.07,42.36,431.66,194.28,336.86,1127.02,492.13,1290.69,1249.63,388.18,727.83,1213.43,1754.64,272.28,438.57,342.83,489.51,890.76,530.95,623.7,813.31,3.73,462.64,531.51,1237.32,1412.93,991.53,370.82,915.58
216.929,1049.95,460.21,492.13,74.65,172.81,43.3,440.06,198.01,291.51,1151.84,489.89,1303.94,1260.27,387.24,740.71,1207.83,1741.58,271.54,404.97,336.86,492.87,901.77,537.1,623.32,813.68,6.91,460.21,523.85,1231.53,1416.85,973.06,352.72,907.55
217.631,1043.04,481.3,474.21,69.42,169.83,41.43,426.44,203.61,307.74,1117.32,494.93,1300.4,1256.17,373.99,727.83,1180.02,1743.25,276.76,373.62,323.61,494.93,893.93,528.71,644.79,810.32,19.41,470.11,519.19,1241.24,1406.03,972.87,353.28,905.5
218.333,1035.58,453.87,483.92,67.18,169.83,40.68,434.09,195.77,314.46,1166.59,480.56,1302.26,1247.21,361.12,729.33,1183.38,1773.3,281.43,386.68,338.35,491.38,883.29,530.95,630.98,813.49,32.1,460.21,516.95,1239.18,1411.44,966.71,364.66,910.17
219.035,1034.46,458.35,475.14,70.17,172.44,38.63,422.14,200.25,328.64,1127.58,491.01,1303.2,1259.34,363.54,718.69,1199.06,1745.49,287.77,385.01,326.41,497.73,896.73,514.71,622.76,806.22,27.62,448.27,513.22,1259.53,1418.72,971.75,346,914.46
219.737,1027.18,460.21,482.42,77.08,172.81,46.47,428.86,198.94,298.04,1121.42,480,1307.3,1243.1,364.66,712.16,1203.16,1731.31,292.63,376.79,317.45,496.79,888.89,521.61,621.46,800.43,23.89,461.71,517.88,1264.19,1424.13,990.23,348.24,908.86
220.439,1043.41,443.61,483.17,78.94,169.27,50.76,431.29,214.99,290.01,1113.96,488.02,1305.99,1248.51,355.71,733.81,1183.2,1776.29,309.24,397.88,287.21,485.97,894.3,521.99,621.27,803.98,21.65,463.95,520.87,1282.85,1437,1002.73,349.92,921.92
221.14,1042.3,463.39,483.17,97.6,168.89,42.36,423.45,197.07,284.6,1117.88,488.95,1306.93,1253.18,357.57,764.41,1184.13,1766.58,306.62,376.23,294.87,487.46,881.43,518.44,612.5,803.98,22.58,460.21,519,1275.39,1403.97,978.47,348.24,905.87
221.843,1040.8,464.69,471.6,69.8,170.39,42.36,434.65,219.28,299.53,1118.44,480.93,1319.43,1245.9,351.41,775.42,1185.06,1770.69,287.59,393.03,318.57,497.54,882.73,505.38,623.88,802.67,16.61,463.01,517.7,1308.61,1403.79,976.79,354.03,918.94
222.545,1035.95,453.31,463.57,103.02,167.96,38.44,436.89,208.65,307.93,1108.36,481.68,1320.55,1251.5,346.37,740.34,1183.2,1754.83,289.83,392.84,295.43,490.45,884.22,513.96,613.25,796.51,12.13,471.6,511.91,1288.83,1391.47,963.17,351.6,908.11
223.247,1038.19,462.08,464.51,75.02,168.89,36.02,430.73,197.82,316.33,1096.6,477.94,1336.41,1241.05,351.23,749.11,1191.03,1719.74,296.17,368.77,312.04,495.11,885.16,522.17,637.88,806.22,12.32,455.92,526.28,1283.79,1390.72,954.21,352.35,903.63
223.949,1029.42,461.15,470.48,73.72,167.77,39.56,424.2,193.53,304.38,1090.07,476.08,1334.92,1224.63,344.88,718.5,1187.49,1734.3,288.15,375.49,257.17,490.26,890.01,519.93,611.19,792.03,14.74,446.78,530.39,1269.23,1404.72,968.58,338.54,908.86
224.651,1025.13,463.39,472.91,60.09,166.66,34.53,425.13,199.69,304.2,1103.32,475.52,1316.26,1223.32,350.29,730.26,1188.24,1698.28,279.75,363.17,205.29,486.9,879,519.56,625.38,798.94,18.1,445.47,535.05,1275.02,1389.79,990.6,339.66,901.58
225.353,1024.38,472.16,466.56,63.45,170.2,36.58,421.58,207.9,303.26,1099.22,473.09,1326.9,1227.8,339.66,729.14,1186.93,1698.84,274.71,375.86,205.66,495.11,884.22,517.14,621.46,802.11,11.01,459.28,533.74,1266.24,1385.68,971.38,337.42,908.49
226.056,1024.38,480.37,465.81,56.17,170.95,43.3,432.03,215.74,274.9,1091.38,484.85,1317.75,1230.79,336.3,710.66,1177.97,1730.56,275.83,394.34,316.14,479.81,897.29,508.18,667.93,800.99,12.13,460.59,550.73,1263.26,1378.4,964.47,333.68,910.17
226.758,1016.91,448.64,469.17,98.54,171.51,46.47,432.78,193.9,269.3,1097.35,477.01,1301.89,1218.09,334.8,725.41,1184.69,1734.11,276.58,390.04,305.69,493.81,887.4,509.67,633.78,799.12,10.82,460.21,556.89,1266.62,1371.13,952.9,354.4,896.91
227.461,1026.99,447.15,465.07,57.85,171.32,34.34,424.38,192.78,269.86,1096.6,469.17,1312.34,1210.63,341.9,741.83,1199.25,1728.14,272.28,400.31,305.32,487.65,894.68,501.83,635.08,791.1,17.92,451.82,551.1,1225.93,1344.07,960.74,363.36,892.62
228.163,1003.29,451.44,466.75,50.2,168.15,54.87,424.38,200.25,265.94,1100.15,480.56,1306.55,1208.58,343.39,733.62,1199.99,1721.42,277.32,387.43,309.98,488.4,868.55,503.7,643.11,796.32,14.18,437.63,541.4,1218.84,1338.65,988.73,363.92,893.56
228.865,1006.46,429.24,478.13,57.29,172.63,36.21,424.57,213.87,259.97,1100.71,473.65,1283.23,1211.38,351.04,739.22,1207.83,1716.57,269.86,386.5,318.75,479.62,851.75,509.3,639,788.67,15.86,452,544.76,1212.87,1354.14,951.22,360.37,896.17
229.566,992.84,435.58,462.08,71.1,169.27,45.35,428.49,181.03,266.5,1108.73,468.24,1281.36,1225,340.96,723.91,1189.35,1706.86,267.43,390.98,306.81,488.77,829.17,510.23,618.47,791.85,15.49,449.76,511.72,1214.36,1350.41,944.69,357.01,896.36
230.268,999.18,449.58,464.51,78.76,172.07,67,423.45,184.76,266.31,1104.63,467.68,1280.99,1203.54,350.11,767.96,1184.32,1680.55,269.86,389.86,307.18,477.76,816.48,513.4,622.39,799.87,14.18,453.87,522.92,1207.64,1352.28,932.75,353.47,903.07
230.971,1014.67,440.06,462.08,65.51,167.96,39,427.18,169.45,271.16,1105.75,459.28,1276.88,1205.78,344.13,776.17,1184.5,1706.86,153.03,374.74,312.41,497.54,771.88,511.91,643.85,801.18,21.84,445.1,521.24,1218.65,1337.35,924.72,360.37,896.91
231.673,996.95,440.43,458.91,64.39,170.39,33.78,424.2,168.15,275.64,1106.87,454.06,1270.54,1204.47,358.32,766.46,1176.48,1727.58,200.43,379.41,309.42,474.58,778.97,509.86,644.23,800.06,18.1,455.36,530.95,1209.14,1340.89,919.5,366.9,900.27
232.374,1001.61,453.31,457.23,55.05,172.81,64.39,426.44,164.23,277.14,1098.28,445.1,1255.79,1194.77,342.08,735.67,1175.36,1706.86,273.03,403.67,298.79,471.6,772.25,507.06,646.47,796.51,18.66,448.46,533.18,1204.28,1336.04,922.86,368.21,903.82
233.076,1006.65,447.15,456.3,76.33,174.68,41.8,436.51,158.07,268.37,1092.5,460.21,1280.24,1190.47,345.44,722.42,1172.37,1683.54,266.31,385.19,311.66,481.68,781.95,512.66,636.95,795.76,11.01,443.98,541.4,1227.24,1327.27,923.6,355.33,915.95
233.777,977.35,476.26,454.99,73.72,169.08,45.72,433.34,156.76,269.3,1108.73,463.2,1272.03,1189.73,358.32,721.86,1179.28,1698.47,262.77,398.63,301.21,485.22,779.16,505.94,633.78,806.59,15.49,452.38,517.51,1228.73,1337.53,947.49,360.18,906.99
234.478,981.08,448.08,462.64,62.52,169.83,36.39,430.54,156.02,282.55,1090.63,468.05,1252.62,1182.08,357.57,746.68,1175.17,1695.48,256.23,379.59,298.23,481.86,773.37,499.03,603.36,804.16,17.54,449.39,520.49,1242.17,1319.8,946.56,368.4,906.25
235.18,989.67,449.95,461.71,61.59,169.64,43.48,427.93,152.1,281.62,1076.26,451.07,1257.29,1184.88,365.97,772.44,1173.87,1667.67,264.45,384.07,295.24,480.18,767.4,505.56,621.08,804.35,18.48,436.33,523.11,1239.37,1343.69,928.27,361.12,894.3
235.882,1018.22,448.83,438.94,64.2,173.37,42.74,427.93,146.13,286.28,1034.08,454.43,1259.71,1180.96,351.41,747.43,1168.64,1708.92,263.14,369.89,294.31,474.21,745.75,505.75,619.78,784.57,17.17,454.62,517.51,1255.05,1343.51,910.54,352.35,873.96
236.585,1006.65,485.41,458.54,63.27,164.6,48.71,434.46,137.36,281.8,1048.08,455.36,1263.44,1194.21,356.08,769.64,1176.1,1726.27,256.42,375.49,297.11,476.64,728.77,505.19,625.38,805.28,17.17,443.98,526.84,1249.26,1340.71,915.39,349.73,885.34
237.287,1019.9,474.02,456.67,74.46,172.44,39.94,433.15,130.26,282.18,1115.64,449.58,1256.17,1185.62,352.16,733.62,1168.64,1699.58,261.65,370.26,288.89,464.51,728.39,493.99,639,798.56,14.93,446.96,544.76,1258.78,1340.15,928.08,335.55,874.52
237.989,1026.62,466,457.6,65.32,173.37,45.54,436.33,128.21,291.51,1115.27,442.3,1252.43,1195.51,354.21,720,1152.59,1715.26,255.12,385.57,287.96,472.16,742.76,487.65,611.01,798.38,14.74,438.94,546.81,1253.74,1326.71,928.08,329.39,884.22
238.691,1027.37,465.63,450.14,84.35,170.57,41.99,427.74,132.5,289.27,1102.01,443.42,1257.1,1189.91,344.13,745.38,1174.42,1714.33,266.5,359.44,285.91,456.3,726.15,486.9,640.31,705.07,16.05,451.82,543.45,1248.89,1330.07,930.88,327.71,888.33
239.393,1023.82,458.35,437.45,79.5,169.08,37.88,440.43,125.6,282.74,1092.5,440.25,1273.52,1188.24,341.71,709.92,1178.72,1671.03,267.43,377.35,289.45,464.51,707.12,477.76,603.17,690.32,14.18,441.37,553.34,1202.05,1338.84,921.18,336.48,875.83
240.095,1036.7,480.56,448.83,61.96,171.69,47.03,437.07,113.65,292.63,1087.83,432.97,1260.46,1182.64,340.59,710.1,1186,1685.21,258.1,381.09,291.13,452.38,702.08,477.38,615.49,722.05,16.42,442.3,551.29,1212.68,1326.15,920.99,318.19,885.16
240.797,1026.25,457.79,463.57,78.57,170.39,93.87,431.29,111.6,305.69,1076.45,423.26,1255.42,1164.53,342.64,721.86,1160.8,1664.5,259.41,401.05,290.2,459.65,719.62,473.28,619.22,752.65,15.12,442.49,547.55,1221.27,1314.58,916.51,318.01,880.31
241.498,1031.66,443.61,461.89,98.72,166.66,58.79,437.82,101.52,304.76,1087.08,417.48,1263.07,1169.2,328.83,706.19,1169.76,1692.49,251.57,377.54,282.55,468.8,714.21,469.92,605.22,764.23,19.04,444.54,541.58,1215.11,1319.25,929.76,315.02,892.62
242.201,1031.84,465.81,453.68,64.39,170.39,53,436.7,104.14,305.13,1088.02,426.44,1245.34,1162.48,329.2,695.55,1169.39,1698.28,251.01,385.94,279,460.59,710.1,465.63,613.06,759.37,14.37,439.5,550.54,1232.46,1322.98,941.14,318.19,885.34
242.903,1024.57,465.07,449.58,83.61,168.89,38.82,433.9,96.11,298.04,1058.9,410.57,1247.95,1151.84,323.79,695.73,1179.28,1704.25,250.45,361.49,292.63,485.41,722.05,463.2,606.71,766.28,20.16,456.48,564.16,1206.15,1297.22,919.31,321.18,887.58
243.605,1012.81,466,451.26,71.1,168.89,37.88,432.41,95.74,301.21,1069.73,418.78,1256.73,1163.6,326.22,697.41,1158,1673.27,263.33,373.62,293.56,446.96,701.52,440.25,598.13,758.81,13.44,452.94,569.02,1216.04,1302.26,908.3,321.74,887.77
244.307,1015.98,483.92,456.48,70.92,177.48,52.44,441.18,98.16,301.4,1057.41,415.43,1259.9,1143.45,340.59,724.29,1158.94,1674.39,256.23,381.27,278.63,454.24,710.48,437.26,619.59,755.64,17.73,452.56,515.27,1216.42,1309.35,918.38,323.42,892.06
245.009,1016.35,474.58,462.08,60.65,163.11,41.62,430.91,91.45,296.92,1044.35,413.19,1254.67,1137.1,322.49,704.32,1158.19,1636.69,255.3,359.44,280.5,454.06,714.77,444.73,607.09,748.36,12.69,452.38,494.55,1208.95,1309.54,912.03,329.39,892.62
